#timestamp,host_cache.adds,host_cache.alloc_prunes,host_cache.bytes_in_use,host_cache.items_in_use,host_cache.find_hits,host_cache.find_misses,host_cache.reload_prunes,host_cache.removes,host_cache.replaced,hosts.total_hosts,hosts.hosts_pruned,hosts.dynamic_host_adds,hosts.dynamic_service_adds,hosts.dynamic_service_updates,hosts.service_list_overflows,daq.pcaps,daq.received,daq.analyzed,daq.dropped,daq.filtered,daq.outstanding,daq.injected,daq.allow,daq.block,daq.replace,daq.whitelist,daq.blacklist,daq.ignore,daq.internal_blacklist,daq.internal_whitelist,daq.skipped,daq.idle,daq.rx_bytes,daq.expected_flows,daq.retries_queued,daq.retries_dropped,daq.retries_processed,daq.retries_discarded,daq.sof_messages,daq.eof_messages,daq.other_messages,wizard.tcp_scans,wizard.tcp_hits,wizard.tcp_misses,wizard.udp_scans,wizard.udp_hits,wizard.udp_misses,wizard.user_scans,wizard.user_hits,wizard.user_misses,stream_udp.sessions,stream_udp.max,stream_udp.created,stream_udp.released,stream_udp.timeouts,stream_udp.prunes,stream_udp.total_bytes,stream_udp.ignored,icmp4.bad_checksum,icmp4.checksum_bypassed,ssl.packets,ssl.decoded,ssl.client_hello,ssl.server_hello,ssl.certificate,ssl.server_done,ssl.client_key_exchange,ssl.server_key_exchange,ssl.change_cipher,ssl.finished,ssl.client_application,ssl.server_application,ssl.alert,ssl.unrecognized_records,ssl.handshakes_completed,ssl.bad_handshakes,ssl.sessions_ignored,ssl.detection_disabled,ssl.concurrent_sessions,ssl.max_concurrent_sessions,snort.local_commands,snort.remote_commands,snort.signals,snort.conf_reloads,snort.policy_reloads,snort.inspector_deletions,snort.daq_reloads,snort.attribute_table_reloads,snort.attribute_table_hosts,snort.attribute_table_overflow,smtp.packets,smtp.total_bytes,smtp.sessions,smtp.concurrent_sessions,smtp.max_concurrent_sessions,smtp.start_tls,smtp.ssl_search_abandoned,smtp.ssl_srch_abandoned_early,smtp.b64_attachments,smtp.b64_decoded_bytes,smtp.qp_attachments,smtp.qp_decoded_bytes,smtp.uu_attachments,smtp.uu_decoded_bytes,smtp.non_encoded_attachments,smtp.non_encoded_bytes,smtp.js_pdf_scripts,imap.packets,imap.sessions,imap.concurrent_sessions,imap.max_concurrent_sessions,imap.start_tls,imap.ssl_search_abandoned,imap.ssl_srch_abandoned_early,imap.b64_attachments,imap.b64_decoded_bytes,imap.qp_attachments,imap.qp_decoded_bytes,imap.uu_attachments,imap.uu_decoded_bytes,imap.non_encoded_attachments,imap.non_encoded_bytes,imap.js_pdf_scripts,sip.packets,sip.sessions,sip.concurrent_sessions,sip.max_concurrent_sessions,sip.events,sip.dialogs,sip.ignored_channels,sip.ignored_sessions,sip.total_requests,sip.invite,sip.cancel,sip.ack,sip.bye,sip.register,sip.options,sip.refer,sip.subscribe,sip.update,sip.join,sip.info,sip.message,sip.notify,sip.prack,sip.total_responses,sip.code_1xx,sip.code_2xx,sip.code_3xx,sip.code_4xx,sip.code_5xx,sip.code_6xx,sip.code_7xx,sip.code_8xx,sip.code_9xx,s7commplus.sessions,s7commplus.frames,s7commplus.concurrent_sessions,s7commplus.max_concurrent_sessions,rna.appid_change,rna.cpe_os,rna.icmp_bidirectional,rna.icmp_new,rna.ip_bidirectional,rna.ip_new,rna.udp_bidirectional,rna.udp_new,rna.tcp_syn,rna.tcp_syn_ack,rna.tcp_midstream,rna.other_packets,rna.change_host_update,rna.dhcp_data,rna.dhcp_info,rna.smb,rna.netflow_record,rna.total_events_in_interval,rna.total_packets_in_interval,rna.total_bytes_in_interval,reputation.packets,reputation.blocked,reputation.trusted,reputation.monitored,reputation.memory_allocated,reputation.aux_ip_blocked,reputation.aux_ip_trusted,reputation.aux_ip_monitored,address_space_selector.packets,address_space_selector.no_match,rpc_decode.total_packets,rpc_decode.concurrent_sessions,rpc_decode.max_concurrent_sessions,netflow.cache_adds,netflow.cache_hits,netflow.cache_misses,netflow.cache_replaces,netflow.cache_max,netflow.cache_prunes,netflow.invalid_netflow_record,netflow.packets,netflow.records,netflow.unique_flows,netflow.v9_missing_template,netflow.v9_options_template,netflow.v9_templates,netflow.version_5,netflow.version_9,netflow.netflow_cache_bytes_in_use,netflow.template_cache_bytes_in_use,memory.start_up_use,memory.cur_in_use,memory.max_in_use,memory.epochs,memory.allocated,memory.deallocated,memory.reap_cycles,memory.reap_attempts,memory.reap_failures,memory.reap_aborts,memory.reap_decrease,memory.reap_increase,memory.app_all,memory.active,memory.resident,memory.retained,dce_http_server.http_server_sessions,dce_http_server.http_server_session_failures,tcp.bad_tcp4_checksum,tcp.bad_tcp6_checksum,tcp.checksum_bypassed,icmp6.bad_icmp6_checksum,icmp6.checksum_bypassed,latency.total_packets,latency.total_usecs,latency.max_usecs,latency.packet_timeouts,latency.total_rule_evals,latency.rule_eval_timeouts,latency.rule_tree_enables,port_scan.packets,port_scan.trackers,port_scan.alloc_prunes,port_scan.reload_prunes,port_scan.bytes_in_use,dns.packets,dns.requests,dns.responses,dns.concurrent_sessions,dns.max_concurrent_sessions,ipv4.bad_checksum,ipv4.checksum_bypassed,ciscometadata.truncated_hdr,ciscometadata.invalid_hdr_ver,ciscometadata.invalid_hdr_len,ciscometadata.invalid_opt_len,ciscometadata.invalid_opt_type,ciscometadata.invalid_sgt,file_connector.messages,pop.packets,pop.total_bytes,pop.sessions,pop.concurrent_sessions,pop.max_concurrent_sessions,pop.start_tls,pop.ssl_search_abandoned,pop.ssl_srch_abandoned_early,pop.b64_attachments,pop.b64_decoded_bytes,pop.qp_attachments,pop.qp_decoded_bytes,pop.uu_attachments,pop.uu_decoded_bytes,pop.non_encoded_attachments,pop.non_encoded_bytes,pop.js_pdf_scripts,back_orifice.packets,stream_tcp.sessions,stream_tcp.max,stream_tcp.created,stream_tcp.released,stream_tcp.timeouts,stream_tcp.prunes,stream_tcp.instantiated,stream_tcp.setups,stream_tcp.restarts,stream_tcp.resyns,stream_tcp.discards,stream_tcp.discards_skipped,stream_tcp.invalid_seq_num,stream_tcp.invalid_ack,stream_tcp.no_flags_set,stream_tcp.events,stream_tcp.ignored,stream_tcp.untracked,stream_tcp.syn_trackers,stream_tcp.syn_ack_trackers,stream_tcp.three_way_trackers,stream_tcp.data_trackers,stream_tcp.segs_queued,stream_tcp.segs_released,stream_tcp.segs_split,stream_tcp.segs_used,stream_tcp.rebuilt_packets,stream_tcp.rebuilt_buffers,stream_tcp.rebuilt_bytes,stream_tcp.overlaps,stream_tcp.gaps,stream_tcp.exceeded_max_segs,stream_tcp.exceeded_max_bytes,stream_tcp.payload_fully_trimmed,stream_tcp.internal_events,stream_tcp.client_cleanups,stream_tcp.server_cleanups,stream_tcp.memory,stream_tcp.initializing,stream_tcp.established,stream_tcp.closing,stream_tcp.syns,stream_tcp.syn_acks,stream_tcp.resets,stream_tcp.fins,stream_tcp.meta_acks,stream_tcp.packets_held,stream_tcp.held_packet_rexmits,stream_tcp.held_packets_dropped,stream_tcp.held_packets_passed,stream_tcp.held_packet_timeouts,stream_tcp.held_packet_purges,stream_tcp.held_packet_retries,stream_tcp.cur_packets_held,stream_tcp.max_packets_held,stream_tcp.partial_flushes,stream_tcp.partial_flush_bytes,stream_tcp.inspector_fallbacks,stream_tcp.partial_fallbacks,stream_tcp.max_segs,stream_tcp.max_bytes,stream_tcp.zero_len_tcp_opt,stream_tcp.zero_win_probes,arp_spoof.packets,udp.bad_udp4_checksum,udp.bad_udp6_checksum,udp.checksum_bypassed,binder.raw_packets,binder.new_flows,binder.rebinds,binder.service_changes,binder.assistant_inspectors,binder.new_standby_flows,binder.no_match,binder.resets,binder.blocks,binder.allows,binder.inspects,dpx.packets,packet_capture.processed,packet_capture.captured,cip.packets,cip.session,cip.concurrent_sessions,cip.max_concurrent_sessions,file_log.total_events,modbus.sessions,modbus.frames,modbus.concurrent_sessions,modbus.max_concurrent_sessions,dce_tcp.events,dce_tcp.pdus,dce_tcp.binds,dce_tcp.bind_acks,dce_tcp.alter_contexts,dce_tcp.alter_context_responses,dce_tcp.bind_naks,dce_tcp.requests,dce_tcp.responses,dce_tcp.cancels,dce_tcp.orphaned,dce_tcp.faults,dce_tcp.auth3s,dce_tcp.shutdowns,dce_tcp.rejects,dce_tcp.ms_rpc_http_pdus,dce_tcp.other_requests,dce_tcp.other_responses,dce_tcp.request_fragments,dce_tcp.response_fragments,dce_tcp.client_max_fragment_size,dce_tcp.client_min_fragment_size,dce_tcp.client_segs_reassembled,dce_tcp.client_frags_reassembled,dce_tcp.server_max_fragment_size,dce_tcp.server_min_fragment_size,dce_tcp.server_segs_reassembled,dce_tcp.server_frags_reassembled,dce_tcp.tcp_sessions,dce_tcp.tcp_expected_sessions,dce_tcp.tcp_expected_realized,dce_tcp.tcp_packets,dce_tcp.concurrent_sessions,dce_tcp.max_concurrent_sessions,stream_icmp.sessions,stream_icmp.max,stream_icmp.created,stream_icmp.released,stream_icmp.timeouts,stream_icmp.prunes,ftp_server.total_packets,ftp_server.total_bytes,ftp_server.concurrent_sessions,ftp_server.max_concurrent_sessions,ftp_server.start_tls,ftp_server.ssl_search_abandoned,ftp_server.ssl_srch_abandoned_early,ftp_server.pkt_segment_size_changed,ftp_server.flow_segment_size_changed,dce_http_proxy.http_proxy_sessions,dce_http_proxy.http_proxy_session_failures,mms.sessions,mms.frames,mms.concurrent_sessions,mms.max_concurrent_sessions,ssh.packets,ssh.total_bytes,ssh.concurrent_sessions,ssh.max_concurrent_sessions,stream_ip.sessions,stream_ip.max,stream_ip.created,stream_ip.released,stream_ip.timeouts,stream_ip.prunes,stream_ip.total_bytes,stream_ip.total_frags,stream_ip.current_frags,stream_ip.max_frags,stream_ip.reassembled,stream_ip.discards,stream_ip.frag_timeouts,stream_ip.overlaps,stream_ip.anomalies,stream_ip.alerts,stream_ip.drops,stream_ip.trackers_added,stream_ip.trackers_freed,stream_ip.trackers_cleared,stream_ip.trackers_completed,stream_ip.nodes_inserted,stream_ip.nodes_deleted,stream_ip.reassembled_bytes,stream_ip.fragmented_bytes,appid.packets,appid.processed_packets,appid.ignored_packets,appid.total_sessions,appid.service_cache_prunes,appid.service_cache_adds,appid.service_cache_removes,appid.odp_reload_ignored_pkts,appid.tp_reload_ignored_pkts,appid.bytes_in_use,appid.items_in_use,dce_udp.events,dce_udp.udp_sessions,dce_udp.udp_packets,dce_udp.requests,dce_udp.acks,dce_udp.cancels,dce_udp.client_facks,dce_udp.ping,dce_udp.responses,dce_udp.rejects,dce_udp.cancel_acks,dce_udp.server_facks,dce_udp.faults,dce_udp.no_calls,dce_udp.working,dce_udp.other_requests,dce_udp.other_responses,dce_udp.fragments,dce_udp.max_fragment_size,dce_udp.frags_reassembled,dce_udp.max_seqnum,dce_udp.concurrent_sessions,dce_udp.max_concurrent_sessions,stream.flows,stream.total_prunes,stream.idle_prunes_max_flows,stream.idle_prunes_proto_timeout,stream.excess_prunes,stream.uni_prunes,stream.memcap_prunes,stream.ha_prunes,stream.stale_prunes,stream.expected_flows,stream.expected_realized,stream.expected_pruned,stream.expected_overflows,stream.reload_tuning_idle,stream.reload_tuning_packets,stream.reload_total_adds,stream.reload_total_deletes,stream.reload_freelist_deletes,stream.reload_allowed_deletes,stream.reload_blocked_deletes,stream.reload_offloaded_deletes,stream.current_flows,stream.uni_flows,stream.uni_ip_flows,perf_monitor.packets,perf_monitor.flow_tracker_creates,perf_monitor.flow_tracker_total_deletes,perf_monitor.flow_tracker_reload_deletes,perf_monitor.flow_tracker_prunes,domain_filter.checked,domain_filter.filtered,file_id.total_files,file_id.total_file_data,file_id.cache_failures,file_id.files_not_processed,file_id.max_concurrent_files,tcp_connector.messages,ftp_data.packets,gtp_inspect.sessions,gtp_inspect.concurrent_sessions,gtp_inspect.max_concurrent_sessions,gtp_inspect.events,gtp_inspect.unknown_types,gtp_inspect.unknown_infos,mem_test.packets,http_inspect.flows,http_inspect.scans,http_inspect.reassembles,http_inspect.inspections,http_inspect.requests,http_inspect.responses,http_inspect.get_requests,http_inspect.head_requests,http_inspect.post_requests,http_inspect.put_requests,http_inspect.delete_requests,http_inspect.connect_requests,http_inspect.options_requests,http_inspect.trace_requests,http_inspect.other_requests,http_inspect.request_bodies,http_inspect.chunked,http_inspect.uri_normalizations,http_inspect.uri_path,http_inspect.uri_coding,http_inspect.concurrent_sessions,http_inspect.max_concurrent_sessions,http_inspect.script_detections,http_inspect.partial_inspections,http_inspect.excess_parameters,http_inspect.parameters,http_inspect.connect_tunnel_cutovers,http_inspect.ssl_srch_abandoned_early,http_inspect.pipelined_flows,http_inspect.pipelined_requests,http_inspect.total_bytes,http_inspect.js_inline_scripts,http_inspect.js_external_scripts,http_inspect.js_pdf_scripts,http_inspect.skip_mime_attach,payload_injector.http_injects,payload_injector.http2_injects,payload_injector.http2_translate_err,payload_injector.http2_mid_frame,iec104.sessions,iec104.frames,iec104.concurrent_sessions,iec104.max_concurrent_sessions,http2_inspect.flows,http2_inspect.concurrent_sessions,http2_inspect.max_concurrent_sessions,http2_inspect.max_table_entries,http2_inspect.max_concurrent_files,http2_inspect.total_bytes,http2_inspect.max_concurrent_streams,http2_inspect.flows_over_stream_limit,event_filter.no_memory_local,event_filter.no_memory_global,host_tracker.service_adds,host_tracker.service_finds,side_channel.packets,js_norm.bytes,js_norm.identifiers,js_norm.identifier_overflows,data_log.packets,telnet.total_packets,telnet.concurrent_sessions,telnet.max_concurrent_sessions,dce_smb.events,dce_smb.pdus,dce_smb.binds,dce_smb.bind_acks,dce_smb.alter_contexts,dce_smb.alter_context_responses,dce_smb.bind_naks,dce_smb.requests,dce_smb.responses,dce_smb.cancels,dce_smb.orphaned,dce_smb.faults,dce_smb.auth3s,dce_smb.shutdowns,dce_smb.rejects,dce_smb.ms_rpc_http_pdus,dce_smb.other_requests,dce_smb.other_responses,dce_smb.request_fragments,dce_smb.response_fragments,dce_smb.client_max_fragment_size,dce_smb.client_min_fragment_size,dce_smb.client_segs_reassembled,dce_smb.client_frags_reassembled,dce_smb.server_max_fragment_size,dce_smb.server_min_fragment_size,dce_smb.server_segs_reassembled,dce_smb.server_frags_reassembled,dce_smb.sessions,dce_smb.packets,dce_smb.ignored_bytes,dce_smb.smb_client_segs_reassembled,dce_smb.smb_server_segs_reassembled,dce_smb.max_outstanding_requests,dce_smb.files_processed,dce_smb.v2_setup,dce_smb.v2_setup_err_resp,dce_smb.v2_setup_inv_str_sz,dce_smb.v2_setup_resp_hdr_err,dce_smb.v2_tree_cnct,dce_smb.v2_tree_cnct_err_resp,dce_smb.v2_tree_cnct_ignored,dce_smb.v2_tree_cnct_inv_str_sz,dce_smb.v2_tree_cnct_resp_hdr_err,dce_smb.v2_crt,dce_smb.v2_crt_err_resp,dce_smb.v2_crt_inv_file_data,dce_smb.v2_crt_inv_str_sz,dce_smb.v2_crt_resp_hdr_err,dce_smb.v2_crt_req_hdr_err,dce_smb.v2_crt_rtrkr_misng,dce_smb.v2_crt_req_ipc,dce_smb.v2_crt_tree_trkr_misng,dce_smb.v2_wrt,dce_smb.v2_wrt_err_resp,dce_smb.v2_wrt_inv_str_sz,dce_smb.v2_wrt_req_hdr_err,dce_smb.v2_wrt_resp_hdr_err,dce_smb.v2_read,dce_smb.v2_read_err_resp,dce_smb.v2_read_inv_str_sz,dce_smb.v2_read_rtrkr_misng,dce_smb.v2_read_resp_hdr_err,dce_smb.v2_read_req_hdr_err,dce_smb.v2_setinfo,dce_smb.v2_stinf_err_resp,dce_smb.v2_stinf_inv_str_sz,dce_smb.v2_stinf_req_ftrkr_misng,dce_smb.v2_stinf_req_hdr_err,dce_smb.v2_cls,dce_smb.v2_cls_err_resp,dce_smb.v2_cls_inv_str_sz,dce_smb.v2_cls_req_ftrkr_misng,dce_smb.v2_cls_req_hdr_err,dce_smb.v2_tree_discn,dce_smb.v2_tree_discn_ignored,dce_smb.v2_tree_discn_inv_str_sz,dce_smb.v2_tree_discn_req_hdr_err,dce_smb.v2_logoff,dce_smb.v2_logoff_inv_str_sz,dce_smb.v2_hdr_err,dce_smb.v2_bad_next_cmd_offset,dce_smb.v2_inv_file_ctx_err,dce_smb.v2_msgs_uninspected,dce_smb.v2_cmpnd_req_lt_crossed,dce_smb.v2_tree_ignored,dce_smb.v2_session_ignored,dce_smb.v2_ioctl,dce_smb.v2_ioctl_err_resp,dce_smb.v2_ioctl_inv_str_sz,dce_smb.v2_ioctl_req_hdr_err,dce_smb.v2_ioctl_resp_hdr_err,dce_smb.concurrent_sessions,dce_smb.max_concurrent_sessions,dce_smb.total_smb1_sessions,dce_smb.total_smb2_sessions,dce_smb.total_encrypted_sessions,dce_smb.total_mc_sessions,dce_smb.ignore_dup_sessions,pcre.pcre_rules,pcre.pcre_to_hyper,pcre.pcre_native,pcre.pcre_negated,dnp3.total_packets,dnp3.udp_packets,dnp3.tcp_pdus,dnp3.dnp3_link_layer_frames,dnp3.dnp3_application_pdus,dnp3.concurrent_sessions,dnp3.max_concurrent_sessions,sd_pattern.below_threshold,sd_pattern.pattern_not_found,sd_pattern.terminated,tenant_selector.packets,tenant_selector.no_match,active.injects,active.failed_injects,active.direct_injects,active.failed_direct_injects,active.holds_denied,active.holds_canceled,active.holds_allowed,detection.analyzed,detection.hard_evals,detection.raw_searches,detection.cooked_searches,detection.pkt_searches,detection.alt_searches,detection.pdu_searches,detection.file_searches,detection.offloads,detection.alerts,detection.total_alerts,detection.logged,detection.passed,detection.match_limit,detection.queue_limit,detection.log_limit,detection.event_limit,detection.alert_limit,detection.context_stalls,detection.offload_busy,detection.onload_waits,detection.offload_fallback,detection.offload_failures,detection.offload_suspends,detection.pcre_match_limit,detection.pcre_recursion_limit,detection.pcre_error,detection.cont_creations,detection.cont_recalls,detection.cont_flows,detection.cont_evals,detection.cont_matches,detection.cont_mismatches,detection.cont_max_num,detection.cont_match_distance,detection.cont_mismatch_distance,search_engine.max_queued,search_engine.total_flushed,search_engine.total_inserts,search_engine.total_overruns,search_engine.total_unique,search_engine.non_qualified_events,search_engine.qualified_events,search_engine.searched_bytes,high_availability.msgs_recv,high_availability.update_msgs_recv,high_availability.update_msgs_recv_no_flow,high_availability.update_msgs_consumed,high_availability.delete_msgs_consumed,high_availability.daq_stores,high_availability.daq_imports,high_availability.key_mismatch,high_availability.msg_version_mismatch,high_availability.msg_length_mismatch,high_availability.truncated_msgs,high_availability.unknown_key_type,high_availability.unknown_client_idx,high_availability.client_consume_errors,normalizer.test_ip4_trim,normalizer.ip4_trim,normalizer.test_ip4_tos,normalizer.ip4_tos,normalizer.test_ip4_df,normalizer.ip4_df,normalizer.test_ip4_rf,normalizer.ip4_rf,normalizer.test_ip4_ttl,normalizer.ip4_ttl,normalizer.test_ip4_opts,normalizer.ip4_opts,normalizer.test_icmp4_echo,normalizer.icmp4_echo,normalizer.test_ip6_hops,normalizer.ip6_hops,normalizer.test_ip6_options,normalizer.ip6_options,normalizer.test_icmp6_echo,normalizer.icmp6_echo,normalizer.test_tcp_syn_options,normalizer.tcp_syn_options,normalizer.test_tcp_options,normalizer.tcp_options,normalizer.test_tcp_padding,normalizer.tcp_padding,normalizer.test_tcp_reserved,normalizer.tcp_reserved,normalizer.test_tcp_nonce,normalizer.tcp_nonce,normalizer.test_tcp_urgent_ptr,normalizer.tcp_urgent_ptr,normalizer.test_tcp_ecn_pkt,normalizer.tcp_ecn_pkt,normalizer.test_tcp_ts_ecr,normalizer.tcp_ts_ecr,normalizer.test_tcp_req_urg,normalizer.tcp_req_urg,normalizer.test_tcp_req_pay,normalizer.tcp_req_pay,normalizer.test_tcp_req_urp,normalizer.tcp_req_urp,normalizer.test_tcp_trim_syn,normalizer.tcp_trim_syn,normalizer.test_tcp_trim_rst,normalizer.tcp_trim_rst,normalizer.test_tcp_trim_win,normalizer.tcp_trim_win,normalizer.test_tcp_trim_mss,normalizer.tcp_trim_mss,normalizer.test_tcp_ecn_session,normalizer.tcp_ecn_session,normalizer.test_tcp_ts_nop,normalizer.tcp_ts_nop,normalizer.test_tcp_ips_data,normalizer.tcp_ips_data,normalizer.test_tcp_block,normalizer.tcp_block,rate_filter.no_memory
1696441646,23,0,0,0,198,23,0,0,0,0,0,0,0,0,0,0,10059,10057,0,0,2,0,1996,0,0,8003,0,0,0,0,0,0,12038606,0,0,0,0,0,0,0,0,36,35,0,2,0,2,0,0,0,72,72,72,0,0,0,39757,0,0,0,527,527,25,25,3,10,3,3,48,0,124,346,2,6,2,0,4,0,16,17,0,0,0,0,0,0,0,0,0,0,0,0,0,0,0,0,0,0,0,0,0,0,0,0,0,0,0,0,0,0,0,0,0,0,0,0,0,0,0,0,0,0,0,0,0,0,0,0,0,0,0,0,0,0,0,0,0,0,0,0,0,0,0,0,0,0,0,0,0,0,0,0,0,0,0,0,0,0,0,0,385,0,0,0,0,0,72,72,38,38,1,0,0,0,0,0,0,331,606,107747,113,0,0,0,0,0,0,0,0,0,0,0,0,0,0,0,0,0,0,0,0,0,0,0,0,0,0,0,0,0,0,0,0,0,0,0,0,0,0,0,0,0,0,0,0,0,0,0,0,0,0,0,0,0,0,0,0,0,0,0,9999,27,0,0,0,274,137,137,0,0,0,0,0,0,0,0,0,0,0,0,0,0,0,0,0,0,0,0,0,0,0,0,0,0,0,0,289,39,39,39,14,0,0,39,39,35,0,0,0,1,0,0,0,0,0,38,0,0,1,877,790,0,790,654,0,1145812,0,38,0,0,0,0,0,0,151142,1,24,1,38,38,1,30,0,0,0,0,0,0,0,0,0,0,0,0,0,0,69,132660,0,0,0,0,0,0,2,111,0,35,0,0,0,0,0,0,113,0,0,0,0,0,0,0,0,0,0,0,0,0,0,0,0,0,0,0,0,0,0,0,0,0,0,0,0,0,0,0,0,0,0,0,0,0,0,0,0,0,0,0,0,0,0,0,0,0,0,0,0,0,0,0,0,0,0,0,0,0,0,0,0,0,0,0,0,0,0,0,0,0,0,0,0,0,0,0,0,0,0,0,0,0,0,0,0,0,0,0,0,0,0,0,0,10000,9998,2,111,0,24,0,0,0,3648,24,0,0,0,0,0,0,0,0,0,0,0,0,0,0,0,0,0,0,0,0,0,0,0,111,0,0,0,0,0,0,0,0,0,0,0,0,0,0,0,0,0,0,0,0,97,4,0,10653,0,0,0,0,0,0,0,0,0,0,0,0,0,0,0,0,0,0,0,0,10,126,126,126,22,22,3,0,19,0,0,0,0,0,0,19,0,0,0,0,7,7,0,0,0,0,0,0,0,0,26100,0,0,0,0,0,0,0,0,0,0,0,0,0,0,0,0,0,0,0,0,0,0,22,214,0,0,0,0,22,0,0,0,0,0,0,0,0,0,0,0,0,0,0,0,0,0,0,0,0,0,0,0,0,0,0,0,0,0,0,0,0,0,0,0,0,0,0,0,0,0,0,0,0,0,0,0,0,0,0,0,0,0,0,0,0,0,0,0,0,0,0,0,0,0,0,0,0,0,0,0,0,0,0,0,0,0,0,0,0,0,0,0,0,0,0,0,0,0,0,0,0,0,0,0,0,0,0,0,0,0,0,11582,8732,2850,0,0,0,0,0,0,0,0,0,0,0,0,0,0,0,0,0,0,0,0,10000,3956,927,1686,2613,0,312,38,0,0,0,0,0,0,0,0,0,0,0,0,0,0,0,0,0,0,0,6,0,3,6,0,6,2,0,0,66,20259,20259,0,20259,24200,3,3650824,0,0,0,0,0,0,0,0,0,0,0,0,0,0,0,0,0,0,0,0,0,0,0,0,0,0,0,0,0,0,0,0,0,0,0,0,0,0,0,0,0,0,0,0,0,0,0,0,0,0,0,0,0,0,0,0,0,0,0,0,1,0,198,0,0,0,1,0,0,0,0,0,0
1696443611,49,0,26710,23,603,49,0,0,0,0,0,0,0,0,0,0,9952,9951,0,0,1,0,9200,0,0,800,0,0,0,0,0,0,6698218,0,0,0,0,0,0,0,0,83,83,0,31,0,31,0,0,0,132,132,132,1,0,0,1807290,0,0,0,2225,2225,70,69,7,21,7,7,137,0,409,1675,0,24,7,0,11,0,26,32,0,0,0,0,0,0,0,0,0,0,0,0,0,0,0,0,0,0,0,0,0,0,0,0,0,0,0,0,0,0,0,0,0,0,0,0,0,0,0,0,0,0,0,0,0,0,0,0,0,0,0,0,0,0,0,0,0,0,0,0,0,0,0,0,0,0,0,0,0,0,0,0,0,0,0,0,0,0,0,0,607,0,0,0,0,0,132,132,84,83,0,0,0,0,0,0,0,518,1038,275049,240,0,0,0,0,0,0,0,0,0,0,0,0,0,0,0,0,0,0,0,0,0,0,0,0,0,0,0,0,0,0,0,0,0,0,0,0,0,0,0,0,0,0,0,0,0,0,0,0,0,0,0,0,0,0,0,0,0,0,0,10000,40,0,0,5832,362,182,180,0,0,0,0,0,0,0,0,0,0,0,0,0,0,0,0,0,0,0,0,0,0,0,0,0,0,0,0,3102,84,84,84,73,0,0,84,84,83,0,0,0,0,0,0,0,0,0,84,0,0,0,3024,2930,0,2914,2387,0,3705114,0,60,0,0,0,0,0,0,336397,2,31,4,84,83,10,146,0,0,0,0,0,0,0,0,0,0,0,0,0,0,82,139360,0,0,0,0,0,0,24,216,0,83,0,0,0,0,0,0,240,0,0,0,0,0,0,0,0,0,0,0,0,0,0,0,0,0,0,0,0,0,0,0,0,0,0,0,0,0,0,0,0,0,0,0,0,0,0,0,0,0,0,0,0,0,0,0,0,0,0,0,0,0,0,0,0,0,0,0,0,0,0,0,0,0,0,0,0,0,0,0,0,0,0,0,0,0,0,0,0,0,0,0,0,0,0,0,0,0,0,0,0,0,0,0,0,10000,9976,24,216,0,38,0,0,0,9424,62,0,0,0,0,0,0,0,0,0,0,0,0,0,0,0,0,0,0,0,0,0,0,0,216,1,0,1,0,0,0,0,0,0,0,0,0,0,0,0,0,0,0,0,0,239,40,0,12387,0,0,0,0,0,0,0,0,0,0,0,0,0,0,0,0,0,0,0,0,13,147,147,146,25,25,2,0,23,0,0,0,0,0,0,23,0,0,0,0,7,8,0,0,0,0,0,0,0,0,28054,0,0,0,0,0,0,0,0,0,0,0,0,0,0,0,0,0,0,0,0,0,0,26,306,0,0,0,0,25,0,0,0,0,0,0,0,0,0,0,0,0,0,0,0,0,0,0,0,0,0,0,0,0,0,0,0,0,0,0,0,0,0,0,0,0,0,0,0,0,0,0,0,0,0,0,0,0,0,0,0,0,0,0,0,0,0,0,0,0,0,0,0,0,0,0,0,0,0,0,0,0,0,0,0,0,0,0,0,0,0,0,0,0,0,0,0,0,0,0,0,0,0,0,0,0,0,0,0,0,0,0,0,0,0,0,0,0,0,0,0,0,0,0,0,0,0,0,0,0,0,0,0,0,0,20000,15066,6764,6828,13592,0,363,46,0,0,0,0,0,0,0,0,0,0,0,0,0,0,0,0,0,0,0,14,0,7,14,0,14,2,0,0,69,71450,71450,0,71450,86491,2,15033157,0,0,0,0,0,0,0,0,0,0,0,0,0,0,0,0,0,0,0,0,0,0,0,0,0,0,0,0,0,0,0,0,0,0,0,0,0,0,0,0,0,0,0,0,0,0,0,0,0,0,0,0,0,0,0,0,0,0,0,0,0,0,651,0,0,0,0,0,0,0,0,0,0
1696443849,64,0,60934,49,881,64,0,0,0,0,0,0,0,0,0,0,10003,10006,0,0,0,0,5266,0,0,4734,0,0,0,0,0,0,9132841,0,0,0,0,0,0,0,0,44,44,0,27,0,27,0,0,0,103,132,103,0,0,0,627571,0,0,0,1286,1286,43,43,9,27,9,9,86,0,343,831,0,21,9,0,14,0,47,48,0,0,0,0,0,0,0,0,0,0,0,0,0,0,0,0,0,0,0,0,0,0,0,0,0,0,0,0,0,0,0,0,0,0,0,0,0,0,0,0,0,0,0,0,0,0,0,0,0,0,0,0,0,0,0,0,0,0,0,0,0,0,0,0,0,0,0,0,0,0,0,0,0,0,0,0,0,0,0,0,441,0,0,0,0,0,102,103,44,44,0,0,0,0,0,0,0,305,734,239582,149,0,0,0,0,0,0,0,0,0,0,0,0,0,0,0,0,0,0,0,0,0,0,0,0,0,0,0,0,0,0,0,0,0,0,0,0,0,0,0,0,0,0,0,0,0,0,0,0,0,0,0,0,0,0,0,0,0,0,0,10000,21,0,0,14472,294,149,145,0,0,0,0,0,0,0,0,0,0,0,0,0,0,0,0,0,0,0,0,0,0,0,0,0,0,0,0,1357,44,84,44,28,0,0,44,44,44,0,0,0,1,0,0,0,0,0,44,0,0,0,1979,1941,0,1939,1385,0,2506594,0,10,0,0,0,0,0,0,401623,2,47,4,45,44,1,57,0,0,0,0,0,0,0,0,0,0,0,0,0,0,82,150080,0,0,0,0,0,0,2,147,0,44,0,0,0,0,0,0,149,0,0,0,0,0,0,0,0,0,0,0,0,0,0,0,0,0,0,0,0,0,0,0,0,0,0,0,0,0,0,0,0,0,0,0,0,0,0,0,0,0,0,0,0,0,0,0,0,0,0,0,0,0,0,0,0,0,0,0,0,0,0,0,0,0,0,0,0,0,0,0,0,0,0,0,0,0,0,0,0,0,0,0,0,0,0,0,0,0,0,0,0,0,0,0,0,10000,9998,2,147,0,19,0,0,0,12312,81,0,0,0,0,0,0,0,0,0,0,0,0,0,0,0,0,0,0,0,0,0,0,0,147,0,0,0,0,0,0,0,0,0,0,0,0,0,0,0,0,0,0,0,0,358,46,0,11385,0,0,0,0,0,0,0,0,0,0,0,0,0,0,0,0,0,0,0,0,1,84,84,84,14,14,0,0,14,0,0,0,0,0,0,14,0,0,0,0,2,8,0,0,0,0,0,0,0,0,15894,0,0,0,0,0,0,0,0,0,0,0,0,0,0,0,0,0,0,0,0,0,0,15,187,0,0,0,0,14,0,0,0,0,0,0,0,0,0,0,0,0,0,0,0,0,0,0,0,0,0,0,0,0,0,0,0,0,0,0,0,0,0,0,0,0,0,0,0,0,0,0,0,0,0,0,0,0,0,0,0,0,0,0,0,0,0,0,0,0,0,0,0,0,0,0,0,0,0,0,0,0,0,0,0,0,0,0,0,0,0,0,0,0,0,0,0,0,0,0,0,0,0,0,0,0,0,0,0,0,0,0,0,0,0,0,0,0,0,0,0,0,0,0,0,0,0,0,0,0,0,0,0,0,0,30000,8916,3127,3945,7072,0,210,28,0,0,0,0,0,0,0,0,0,0,0,0,0,0,0,0,0,0,0,18,0,9,18,0,18,2,0,0,69,39765,39765,0,39765,48676,0,8830749,0,0,0,0,0,0,0,0,0,0,0,0,0,0,0,0,0,0,0,0,0,0,0,0,0,0,0,0,0,0,0,0,0,0,0,0,0,0,0,0,0,0,0,0,0,0,0,0,0,0,0,0,0,0,0,0,0,0,0,0,1,0,450,0,0,0,0,0,0,0,0,0,0
1696443909,76,0,80755,64,1239,76,0,0,0,0,0,0,0,0,0,0,23074,23074,0,0,0,0,18041,0,0,5039,0,0,0,0,0,0,23557709,0,0,0,0,0,0,0,0,43,43,0,35,0,35,0,0,0,140,140,140,0,0,0,6400546,0,0,0,4024,4024,41,41,2,6,2,2,82,0,461,3466,0,18,2,0,2,0,68,68,0,0,0,0,0,0,0,0,0,0,0,0,0,0,0,0,0,0,0,0,0,0,0,0,0,0,0,0,0,0,0,0,0,0,0,0,0,0,0,0,0,0,0,0,0,0,0,0,0,0,0,0,0,0,0,0,0,0,0,0,0,0,0,0,0,0,0,0,0,0,0,0,0,0,0,0,0,0,0,0,502,0,0,0,0,0,138,140,46,46,0,0,0,0,0,0,0,360,872,292510,187,0,0,0,0,0,0,0,0,0,0,0,0,0,0,0,0,0,0,0,0,0,0,0,0,0,0,0,0,0,0,0,0,0,0,0,0,0,0,0,0,0,0,0,0,0,0,0,0,0,0,0,0,0,0,0,0,0,0,0,23080,24,0,0,19008,369,188,181,0,0,0,0,0,0,0,0,0,0,0,0,0,0,0,0,0,0,0,0,0,0,0,0,0,0,0,0,7781,46,84,46,23,0,0,46,46,43,0,0,0,0,0,0,0,0,0,46,0,0,0,6389,6387,0,6387,4108,0,9787975,1,76,0,0,1,0,0,0,406079,2,70,4,48,48,0,48,0,0,0,0,0,0,0,0,0,0,0,0,0,0,251,384580,0,0,0,0,0,0,1,186,0,43,0,0,0,0,0,0,187,0,0,0,0,0,0,0,0,0,0,0,0,0,0,0,0,0,0,0,0,0,0,0,0,0,0,0,0,0,0,0,0,0,0,0,0,0,0,0,0,0,0,0,0,0,0,0,0,0,0,0,0,0,0,0,0,0,0,0,0,0,0,0,0,0,0,0,0,0,0,0,0,0,0,0,0,0,0,0,0,0,0,0,0,0,0,0,0,0,0,0,0,0,0,0,0,23080,23079,1,186,0,23,0,0,0,15808,104,0,0,0,0,0,0,0,0,0,0,0,0,0,0,0,0,0,0,0,0,0,0,0,186,0,0,0,0,0,0,0,0,0,0,0,0,0,0,0,0,0,0,0,0,521,77,0,27188,0,0,0,0,0,0,0,0,0,0,0,0,0,0,0,0,0,0,0,0,2,84,84,84,14,14,0,0,14,0,0,0,0,0,0,14,0,0,0,0,4,8,0,0,0,0,0,0,0,0,15628,0,0,0,0,0,0,0,0,0,0,0,0,0,0,0,0,0,0,0,0,0,0,13,199,0,0,0,0,14,0,0,0,0,0,0,0,0,0,0,0,0,0,0,0,0,0,0,0,0,0,0,0,0,0,0,0,0,0,0,0,0,0,0,0,0,0,0,0,0,0,0,0,0,0,0,0,0,0,0,0,0,0,0,0,0,0,0,0,0,0,0,0,0,0,0,0,0,0,0,0,0,0,0,0,0,0,0,0,0,0,0,0,0,0,0,0,0,0,0,0,0,0,0,0,0,0,0,0,0,0,0,0,0,0,0,0,0,0,0,0,0,0,0,0,0,0,0,0,0,0,0,0,0,0,53080,24077,16038,12150,28188,0,210,28,0,0,0,0,0,0,0,0,0,0,0,0,0,0,0,0,0,0,0,4,0,2,4,0,4,2,0,0,69,145801,145801,0,145801,169873,0,42386153,0,0,0,0,0,0,0,0,0,0,0,0,0,0,0,0,0,0,0,0,0,0,0,0,0,0,0,0,0,0,0,0,0,0,0,0,0,0,0,0,0,0,0,0,0,0,0,0,0,0,0,0,0,0,0,0,0,0,0,0,1,0,1318,0,0,0,0,0,1,0,0,0,0
1696444055,77,0,99777,76,1385,77,0,0,0,0,0,0,0,0,0,0,10055,10051,0,0,4,0,4630,0,0,5370,0,0,0,0,0,0,8504416,0,0,0,0,0,0,0,0,10,10,0,11,0,11,0,0,0,64,140,64,0,0,0,544958,0,0,0,395,395,10,10,0,0,0,0,20,0,209,167,0,8,0,0,2,0,48,71,0,0,0,0,0,0,0,0,0,0,0,0,0,0,0,0,0,0,0,0,0,0,0,0,0,0,0,0,0,0,0,0,0,0,0,0,0,0,0,0,0,0,0,0,0,0,0,0,0,0,0,0,0,0,0,0,0,0,0,0,0,0,0,0,0,0,0,0,0,0,0,0,0,0,0,0,0,0,0,0,175,0,0,0,0,0,63,64,10,10,0,0,0,0,0,0,0,121,322,83563,76,0,0,0,0,0,0,0,0,0,0,0,0,0,0,0,0,0,0,0,0,0,0,0,0,0,0,0,0,0,0,0,0,0,0,0,0,0,0,0,0,0,0,0,0,0,0,0,0,0,0,0,0,0,0,0,0,0,0,0,10000,3,0,0,24192,167,84,83,0,0,0,0,0,0,0,0,0,0,0,0,0,0,0,0,0,0,0,0,0,0,0,0,0,0,0,0,2980,10,84,10,34,0,0,10,10,10,0,0,0,0,0,0,0,0,0,10,0,0,0,718,684,0,683,396,0,814808,0,3,0,0,0,0,0,0,460602,2,45,5,10,10,2,72,0,0,0,0,0,0,0,0,0,0,0,0,0,0,251,384580,0,0,0,0,0,0,2,74,0,10,0,0,0,0,0,0,76,0,0,0,0,0,0,0,0,0,0,0,0,0,0,0,0,0,0,0,0,0,0,0,0,0,0,0,0,0,0,0,0,0,0,0,0,0,0,0,0,0,0,0,0,0,0,0,0,0,0,0,0,0,0,0,0,0,0,0,0,0,0,0,0,0,0,0,0,0,0,0,0,0,0,0,0,0,0,0,0,0,0,0,0,0,0,0,0,0,0,0,0,0,0,0,0,10000,9998,2,74,0,1,0,0,0,15960,105,0,0,0,0,0,0,0,0,0,0,0,0,0,0,0,0,0,0,0,0,0,0,0,74,0,0,0,0,0,0,0,0,0,0,0,0,0,0,0,0,0,0,0,0,561,99,0,10396,0,0,0,0,0,0,0,0,0,0,0,0,0,0,0,0,0,0,0,0,0,0,0,0,0,0,0,0,0,0,0,0,0,0,0,0,0,0,0,0,0,8,0,0,0,0,0,0,0,0,0,0,0,0,0,0,0,0,0,0,0,0,0,0,0,0,0,0,0,0,0,0,0,1,65,0,0,0,0,0,0,0,0,0,0,0,0,0,0,0,0,0,0,0,0,0,0,0,0,0,0,0,0,0,0,0,0,0,0,0,0,0,0,0,0,0,0,0,0,0,0,0,0,0,0,0,0,0,0,0,0,0,0,0,0,0,0,0,0,0,0,0,0,0,0,0,0,0,0,0,0,0,0,0,0,0,0,0,0,0,0,0,0,0,0,0,0,0,0,0,0,0,0,0,0,0,0,0,0,0,0,0,0,0,0,0,0,0,0,0,0,0,0,0,0,0,0,0,0,0,0,0,0,0,0,63080,6205,6169,1182,7351,0,0,0,0,0,0,0,0,0,0,0,0,0,0,0,0,0,0,0,0,0,0,0,0,0,0,0,0,2,0,0,69,22119,22119,0,22119,28324,0,3536746,0,0,0,0,0,0,0,0,0,0,0,0,0,0,0,0,0,0,0,0,0,0,0,0,0,0,0,0,0,0,0,0,0,0,0,0,0,0,0,0,0,0,0,0,0,0,0,0,0,0,0,0,0,0,0,0,0,0,0,0,0,0,167,0,0,0,0,0,0,0,0,0,0
1696444115,77,0,104271,77,1389,77,0,0,0,0,0,0,0,0,0,0,13763,13767,0,0,0,0,120,0,0,13643,0,0,0,0,0,0,18202710,0,0,0,0,0,0,0,0,0,0,0,1,0,1,0,0,0,2,140,2,0,0,0,7611,0,0,0,22,22,0,0,0,0,0,0,0,0,16,6,0,0,0,0,0,0,43,71,0,0,0,0,0,0,0,0,0,0,0,0,0,0,0,0,0,0,0,0,0,0,0,0,0,0,0,0,0,0,0,0,0,0,0,0,0,0,0,0,0,0,0,0,0,0,0,0,0,0,0,0,0,0,0,0,0,0,0,0,0,0,0,0,0,0,0,0,0,0,0,0,0,0,0,0,0,0,0,0,5,0,0,0,0,0,2,2,0,0,0,0,0,0,0,0,0,2,9,6019,2,0,0,0,0,0,0,0,0,0,0,0,0,0,0,0,0,0,0,0,0,0,0,0,0,0,0,0,0,0,0,0,0,0,0,0,0,0,0,0,0,0,0,0,0,0,0,0,0,0,0,0,0,0,0,0,0,0,0,0,13763,0,0,0,24840,4,2,2,0,0,0,0,0,0,0,0,0,0,0,0,0,0,0,0,0,0,0,0,0,0,0,0,0,0,0,0,43,0,84,0,5,0,0,0,0,0,0,0,0,0,0,0,0,0,0,0,0,0,0,22,22,0,22,22,0,783,0,0,0,0,0,0,0,0,460602,2,40,5,0,0,0,11,0,0,0,0,0,0,0,0,0,0,0,0,0,0,251,384580,0,0,0,0,0,0,0,2,0,0,0,0,0,0,0,0,2,0,0,0,0,0,0,0,0,0,0,0,0,0,0,0,0,0,0,0,0,0,0,0,0,0,0,0,0,0,0,0,0,0,0,0,0,0,0,0,0,0,0,0,0,0,0,0,0,0,0,0,0,0,0,0,0,0,0,0,0,0,0,0,0,0,0,0,0,0,0,0,0,0,0,0,0,0,0,0,0,0,0,0,0,0,0,0,0,0,0,0,0,0,0,0,0,13763,13763,0,2,0,0,0,0,0,15960,105,0,0,0,0,0,0,0,0,0,0,0,0,0,0,0,0,0,0,0,0,0,0,0,2,0,0,0,0,0,0,0,0,0,0,0,0,0,0,0,0,0,0,0,0,558,99,0,13785,0,0,0,0,0,0,0,0,0,0,0,0,0,0,0,0,0,0,0,0,0,0,0,0,0,0,0,0,0,0,0,0,0,0,0,0,0,0,0,0,0,8,0,0,0,0,0,0,0,0,0,0,0,0,0,0,0,0,0,0,0,0,0,0,0,0,0,0,0,0,0,0,0,0,1,0,0,0,0,0,0,0,0,0,0,0,0,0,0,0,0,0,0,0,0,0,0,0,0,0,0,0,0,0,0,0,0,0,0,0,0,0,0,0,0,0,0,0,0,0,0,0,0,0,0,0,0,0,0,0,0,0,0,0,0,0,0,0,0,0,0,0,0,0,0,0,0,0,0,0,0,0,0,0,0,0,0,0,0,0,0,0,0,0,0,0,0,0,0,0,0,0,0,0,0,0,0,0,0,0,0,0,0,0,0,0,0,0,0,0,0,0,0,0,0,0,0,0,0,0,0,0,0,0,0,76843,214,90,66,156,0,0,0,0,0,0,0,0,0,0,0,0,0,0,0,0,0,0,0,0,0,0,0,0,0,0,0,0,2,0,0,69,329,329,0,329,543,0,19323,0,0,0,0,0,0,0,0,0,0,0,0,0,0,0,0,0,0,0,0,0,0,0,0,0,0,0,0,0,0,0,0,0,0,0,0,0,0,0,0,0,0,0,0,0,0,0,0,0,0,0,0,0,0,0,0,0,0,0,0,0,0,0,0,0,0,0,0,0,0,0,0,0
1696444175,77,0,104335,77,1407,77,0,0,0,0,0,0,0,0,0,0,14104,14103,0,0,1,0,167,0,0,13987,0,0,0,0,0,0,19289652,0,0,0,0,0,0,0,0,2,2,0,3,0,3,0,0,0,7,140,7,0,0,0,21187,0,0,0,29,29,2,2,0,0,0,0,4,0,17,8,0,2,0,0,0,0,41,71,0,0,0,0,0,0,0,0,0,0,0,0,0,0,0,0,0,0,0,0,0,0,0,0,0,0,0,0,0,0,0,0,0,0,0,0,0,0,0,0,0,0,0,0,0,0,0,0,0,0,0,0,0,0,0,0,0,0,0,0,0,0,0,0,0,0,0,0,0,0,0,0,0,0,0,0,0,0,0,0,20,0,0,0,0,0,7,7,2,2,0,0,0,0,0,0,0,11,38,18878,9,0,0,0,0,0,0,0,0,0,0,0,0,0,0,0,0,0,0,0,0,0,0,0,0,0,0,0,0,0,0,0,0,0,0,0,0,0,0,0,0,0,0,0,0,0,0,0,0,0,0,0,0,0,0,0,0,0,0,0,14154,0,0,0,24840,14,7,7,0,0,0,0,0,0,0,0,0,0,0,0,0,0,0,0,0,0,0,0,0,0,0,0,0,0,0,0,88,2,84,2,4,0,0,2,2,2,0,0,0,0,0,0,0,0,0,2,0,0,0,29,29,0,29,29,0,5008,0,0,0,0,0,0,0,0,460602,2,38,5,2,2,0,8,0,0,0,0,0,0,0,0,0,0,0,0,0,0,251,384580,0,0,0,0,0,0,0,9,0,2,0,0,0,0,0,0,9,0,0,0,0,0,0,0,0,0,0,0,0,0,0,0,0,0,0,0,0,0,0,0,0,0,0,0,0,0,0,0,0,0,0,0,0,0,0,0,0,0,0,0,0,0,0,0,0,0,0,0,0,0,0,0,0,0,0,0,0,0,0,0,0,0,0,0,0,0,0,0,0,0,0,0,0,0,0,0,0,0,0,0,0,0,0,0,0,0,0,0,0,0,0,0,0,14154,14154,0,9,0,0,0,0,0,15960,105,0,0,0,0,0,0,0,0,0,0,0,0,0,0,0,0,0,0,0,0,0,0,0,9,0,0,0,0,0,0,0,0,0,0,0,0,0,0,0,0,0,0,0,0,563,100,0,14183,0,0,0,0,0,0,0,0,0,0,0,0,0,0,0,0,0,0,0,0,0,0,0,0,0,0,0,0,0,0,0,0,0,0,0,0,0,0,0,0,0,8,0,0,0,0,0,0,0,0,0,0,0,0,0,0,0,0,0,0,0,0,0,0,0,0,0,0,0,0,0,0,0,0,6,0,0,0,0,0,0,0,0,0,0,0,0,0,0,0,0,0,0,0,0,0,0,0,0,0,0,0,0,0,0,0,0,0,0,0,0,0,0,0,0,0,0,0,0,0,0,0,0,0,0,0,0,0,0,0,0,0,0,0,0,0,0,0,0,0,0,0,0,0,0,0,0,0,0,0,0,0,0,0,0,0,0,0,0,0,0,0,0,0,0,0,0,0,0,0,0,0,0,0,0,0,0,0,0,0,0,0,0,0,0,0,0,0,0,0,0,0,0,0,0,0,0,0,0,0,0,0,0,0,0,90997,291,202,87,289,0,0,0,0,0,0,0,0,0,0,0,0,0,0,0,0,0,0,0,0,0,0,0,0,0,0,0,0,2,0,0,69,1237,1237,0,1237,1528,0,67882,0,0,0,0,0,0,0,0,0,0,0,0,0,0,0,0,0,0,0,0,0,0,0,0,0,0,0,0,0,0,0,0,0,0,0,0,0,0,0,0,0,0,0,0,0,0,0,0,0,0,0,0,0,0,0,0,0,0,0,0,0,0,0,0,0,0,0,0,0,0,0,0,0
1696444235,77,0,104687,77,1419,77,0,0,0,0,0,0,0,0,0,0,14481,14479,0,0,2,0,109,0,0,14342,0,0,0,0,0,0,19700618,0,0,0,0,0,0,0,0,1,1,0,1,0,1,0,0,0,5,140,5,0,0,0,8234,0,0,0,19,19,1,1,0,0,0,0,2,0,11,6,0,1,0,0,0,0,39,71,0,0,0,0,0,0,0,0,0,0,0,0,0,0,0,0,0,0,0,0,0,0,0,0,0,0,0,0,0,0,0,0,0,0,0,0,0,0,0,0,0,0,0,0,0,0,0,0,0,0,0,0,0,0,0,0,0,0,0,0,0,0,0,0,0,0,0,0,0,0,0,0,0,0,0,0,0,0,0,0,14,0,0,0,0,0,5,5,1,1,0,0,0,0,0,0,0,9,26,6892,6,0,0,0,0,0,0,0,0,0,0,0,0,0,0,0,0,0,0,0,0,0,0,0,0,0,0,0,0,0,0,0,0,0,0,0,0,0,0,0,0,0,0,0,0,0,0,0,0,0,0,0,0,0,0,0,0,0,0,0,14451,0,0,0,24840,14,7,7,0,0,0,0,0,0,0,0,0,0,0,0,0,0,0,0,0,0,0,0,0,0,0,0,0,0,0,0,53,1,84,1,3,0,0,1,1,1,0,0,0,0,0,0,0,0,0,1,0,0,0,19,19,0,19,19,0,3204,0,0,0,0,0,0,0,0,460602,2,36,5,1,1,0,6,0,0,0,0,0,0,0,0,0,0,0,0,0,0,251,384580,0,0,0,0,0,0,0,6,0,1,0,0,0,0,0,0,6,0,0,0,0,0,0,0,0,0,0,0,0,0,0,0,0,0,0,0,0,0,0,0,0,0,0,0,0,0,0,0,0,0,0,0,0,0,0,0,0,0,0,0,0,0,0,0,0,0,0,0,0,0,0,0,0,0,0,0,0,0,0,0,0,0,0,0,0,0,0,0,0,0,0,0,0,0,0,0,0,0,0,0,0,0,0,0,0,0,0,0,0,0,0,0,0,14451,14451,0,6,0,0,0,0,0,15960,105,0,0,0,0,0,0,0,0,0,0,0,0,0,0,0,0,0,0,0,0,0,0,0,6,0,0,0,0,0,0,0,0,0,0,0,0,0,0,0,0,0,0,0,0,566,101,0,14470,0,0,0,0,0,0,0,0,0,0,0,0,0,0,0,0,0,0,0,0,0,0,0,0,0,0,0,0,0,0,0,0,0,0,0,0,0,0,0,0,0,8,0,0,0,0,0,0,0,0,0,0,0,0,0,0,0,0,0,0,0,0,0,0,0,0,0,0,0,0,0,0,0,0,5,0,0,0,0,0,0,0,0,0,0,0,0,0,0,0,0,0,0,0,0,0,0,0,0,0,0,0,0,0,0,0,0,0,0,0,0,0,0,0,0,0,0,0,0,0,0,0,0,0,0,0,0,0,0,0,0,0,0,0,0,0,0,0,0,0,0,0,0,0,0,0,0,0,0,0,0,0,0,0,0,0,0,0,0,0,0,0,0,0,0,0,0,0,0,0,0,0,0,0,0,0,0,0,0,0,0,0,0,0,0,0,0,0,0,0,0,0,0,0,0,0,0,0,0,0,0,0,0,0,0,105448,201,126,57,183,0,0,0,0,0,0,0,0,0,0,0,0,0,0,0,0,0,0,0,0,0,0,0,0,0,0,0,0,2,0,0,69,838,838,0,838,1039,0,31905,0,0,0,0,0,0,0,0,0,0,0,0,0,0,0,0,0,0,0,0,0,0,0,0,0,0,0,0,0,0,0,0,0,0,0,0,0,0,0,0,0,0,0,0,0,0,0,0,0,0,0,0,0,0,0,0,0,0,0,0,0,0,0,0,0,0,0,0,0,0,0,0,0
1696446103,95,0,104975,77,1914,95,0,0,0,0,0,0,0,0,0,0,10006,10009,0,0,0,0,7015,0,0,2985,0,0,0,0,0,0,6690165,0,0,0,0,0,0,0,0,61,61,0,40,0,40,0,0,0,194,194,197,158,3,0,2506849,0,0,0,852,852,60,60,10,36,10,10,120,0,350,366,1,34,12,0,14,0,48,71,0,0,0,0,0,0,0,0,0,0,0,0,0,0,0,0,0,0,0,0,0,0,0,0,0,0,0,0,0,0,0,0,0,0,0,0,0,0,0,0,0,0,0,0,0,0,0,0,0,0,0,0,0,0,0,0,0,0,0,0,0,0,0,0,0,0,0,0,0,0,0,0,0,0,0,0,0,0,0,0,673,0,0,1,0,0,196,194,61,61,0,0,0,0,0,0,0,515,1186,354294,258,0,0,0,0,0,0,0,0,0,0,0,0,0,0,0,0,0,0,0,0,0,0,0,0,0,0,0,0,0,0,0,0,0,0,0,0,0,0,0,0,0,0,0,0,0,0,0,0,0,0,0,0,0,0,0,0,0,0,0,10000,33,0,0,24840,545,274,271,0,0,0,0,0,0,0,0,0,0,0,0,0,0,0,0,0,0,0,0,0,0,0,0,0,0,0,0,4472,61,84,61,55,0,0,61,61,61,0,0,0,1,0,0,0,0,0,61,0,0,0,914,988,0,896,862,0,398450,1,2,0,0,1,0,0,1,300006,0,43,6,61,61,3,93,0,0,0,0,0,0,0,0,0,0,0,0,0,0,251,384580,0,0,0,0,0,0,2,256,0,61,0,0,0,0,0,0,258,0,0,0,0,0,0,0,0,0,0,0,0,0,0,0,0,0,0,0,0,0,0,0,0,0,0,0,0,0,0,0,0,0,0,0,0,0,0,0,0,0,0,0,0,0,0,1,1,1,0,0,0,0,0,0,0,0,0,0,0,0,0,0,0,0,0,0,0,0,0,0,0,0,0,0,0,0,0,0,0,0,0,0,0,0,0,0,0,0,0,0,0,0,0,0,0,10000,9998,2,259,0,30,0,0,0,20520,135,0,0,0,0,0,0,0,0,0,0,0,0,0,0,0,0,0,0,0,0,0,0,0,256,167,0,167,0,0,0,0,0,0,0,0,0,0,0,0,0,0,0,0,0,612,113,0,10862,0,0,0,0,0,0,0,0,0,0,0,0,0,0,0,0,0,0,0,0,1,6,6,6,1,1,0,0,1,0,0,0,0,0,0,1,0,0,0,0,0,8,0,0,0,0,0,0,0,0,1117,0,0,0,0,0,0,0,0,0,0,0,0,0,0,0,0,0,0,0,0,0,0,18,271,0,0,0,0,1,0,0,0,0,0,0,0,0,0,0,0,0,0,0,0,0,0,0,0,0,0,0,0,0,0,0,0,0,0,0,0,0,0,0,0,0,0,0,0,0,0,0,0,0,0,0,0,0,0,0,0,0,0,0,0,0,0,0,0,0,0,0,0,0,0,0,0,0,0,0,0,0,0,0,0,0,0,0,0,0,0,0,0,0,0,0,0,0,0,0,0,0,0,0,0,0,0,0,0,0,0,0,0,0,0,0,0,0,0,0,0,0,0,0,0,0,0,0,0,0,0,0,0,0,0,115448,10737,9713,2531,12244,0,15,2,0,0,0,0,0,0,0,0,0,0,0,0,0,0,0,0,0,0,0,18,0,9,18,0,18,2,0,0,72,59631,59631,0,59631,70366,0,6474952,0,0,0,0,0,0,0,0,0,0,0,0,0,0,0,0,0,0,0,0,0,0,0,0,0,0,0,0,0,0,0,0,0,0,0,0,0,0,0,0,0,0,0,0,0,0,0,0,0,0,0,0,0,0,0,0,0,0,0,0,2,0,50,0,0,0,0,0,1,0,0,0,0
1696447707,107,0,132711,95,2516,107,0,0,0,0,0,0,0,0,0,0,9977,9975,0,0,2,0,9595,0,0,405,0,0,0,0,0,0,5199535,0,0,0,0,0,0,0,0,61,61,0,70,0,70,0,0,0,244,244,245,355,1,0,3765903,0,0,0,1022,1022,59,58,0,0,0,0,117,0,453,456,0,40,0,0,1,0,35,71,0,0,0,0,0,0,0,0,0,0,0,0,0,0,0,0,0,0,0,0,0,0,0,0,0,0,0,0,0,0,0,0,0,0,0,0,0,0,0,0,0,0,0,0,0,0,0,0,0,0,0,0,0,0,0,0,0,0,0,0,0,0,0,0,0,0,0,0,0,0,0,0,0,0,0,0,0,0,0,0,826,0,0,1,0,0,245,244,62,62,0,0,0,0,0,0,0,510,1440,491309,317,0,0,0,0,0,0,0,0,0,0,0,0,0,0,0,0,0,0,0,0,0,0,0,0,0,0,0,0,0,0,0,0,0,0,0,0,0,0,0,0,0,0,0,0,0,0,0,0,0,0,0,0,0,0,0,0,0,0,0,10000,23,0,0,31968,641,323,318,0,0,0,0,0,0,0,0,0,0,0,0,0,0,0,0,0,0,0,0,0,0,0,0,0,0,0,0,6675,63,84,63,72,0,0,63,63,61,0,0,0,0,0,0,0,0,0,62,0,0,0,1192,1268,0,1173,1043,0,711926,0,1,0,0,0,0,0,0,178975,0,35,4,62,62,3,105,0,0,0,0,0,0,0,0,0,0,0,0,0,0,251,384580,0,0,0,0,0,0,9,308,0,61,0,0,0,0,0,0,317,0,0,0,0,0,0,0,0,0,0,0,0,0,0,0,0,0,0,0,0,0,0,0,0,0,0,0,0,0,0,0,0,0,0,0,0,0,0,0,0,0,0,0,0,0,0,1,1,1,0,0,0,0,0,0,0,0,0,0,0,0,0,0,0,0,0,0,0,0,0,0,0,0,0,0,0,0,0,0,0,0,0,0,0,0,0,0,0,0,0,0,0,0,0,0,0,10000,9991,9,309,0,18,0,0,0,23256,153,0,0,0,0,0,0,0,0,0,0,0,0,0,0,0,0,0,0,0,0,0,0,0,308,376,0,376,0,0,0,0,0,0,0,0,0,0,0,0,0,0,0,0,0,494,83,0,11043,0,0,0,0,0,0,0,0,0,0,0,0,0,0,0,0,0,0,0,0,2,12,12,12,2,2,0,0,2,0,0,0,0,0,0,2,0,0,0,0,2,8,0,0,0,0,0,0,0,0,2230,0,0,0,0,0,0,0,0,0,0,0,0,0,0,0,0,0,0,0,0,0,0,8,263,0,0,0,0,2,0,0,0,0,0,0,0,0,0,0,0,0,0,0,0,0,0,0,0,0,0,0,0,0,0,0,0,0,0,0,0,0,0,0,0,0,0,0,0,0,0,0,0,0,0,0,0,0,0,0,0,0,0,0,0,0,0,0,0,0,0,0,0,0,0,0,0,0,0,0,0,0,0,0,0,0,0,0,0,0,0,0,0,0,0,0,0,0,0,0,0,0,0,0,0,0,0,0,0,0,0,0,0,0,0,0,0,0,0,0,0,0,0,0,0,0,0,0,0,0,0,0,0,0,0,125448,13732,14308,3102,17410,0,30,4,0,0,0,0,0,0,0,0,0,0,0,0,0,0,0,0,0,0,0,0,0,0,0,0,0,2,0,0,72,78287,78287,0,78287,92017,0,9985805,0,0,0,0,0,0,0,0,0,0,0,0,0,0,0,0,0,0,0,0,0,0,0,0,0,0,0,0,0,0,0,0,0,0,0,0,0,0,0,0,0,0,0,0,0,0,0,0,0,0,0,0,0,0,0,0,0,0,0,0,0,0,96,0,0,0,0,0,0,0,0,0,0
1696449411,114,0,157193,107,3183,114,0,0,0,0,0,0,0,0,0,0,10010,10000,8,0,10,0,8908,0,0,1092,0,0,0,0,0,0,4917373,0,0,0,0,0,0,0,0,84,84,0,68,0,68,0,0,0,253,253,253,196,0,0,1030051,0,0,0,2821,2821,83,84,6,22,6,6,167,0,751,1888,0,66,8,0,11,0,33,71,0,0,0,0,0,0,0,0,0,0,0,0,0,0,0,0,0,0,0,0,0,0,0,0,0,0,0,0,0,0,0,0,0,0,0,0,0,0,0,0,0,0,0,0,0,0,0,0,0,0,0,0,0,0,0,0,0,0,0,0,0,0,0,0,0,0,0,0,0,0,0,0,0,0,0,0,0,0,0,0,910,0,0,0,0,0,253,253,84,84,0,0,0,0,0,0,0,538,1584,526193,337,0,0,0,0,0,0,0,0,0,0,0,0,0,0,0,0,0,0,0,0,0,0,0,0,0,0,0,0,0,0,0,0,0,0,0,0,0,0,0,0,0,0,0,0,0,0,0,0,0,0,0,0,0,0,0,0,0,0,0,10000,11,0,0,36936,661,331,330,0,0,0,0,0,0,0,0,0,0,0,0,0,0,0,0,0,0,0,0,0,0,0,0,0,0,0,0,2432,84,84,84,87,0,0,84,84,84,0,0,0,1,0,0,0,0,0,84,0,0,0,3181,3233,0,3145,2853,0,2553287,0,34,0,0,0,0,0,0,86042,1,33,2,84,84,4,140,0,0,0,0,0,0,0,0,0,0,0,0,0,0,251,384580,0,0,0,0,0,0,0,337,0,84,0,0,0,0,0,0,337,0,0,0,0,0,0,0,0,0,0,0,0,0,0,0,0,0,0,0,0,0,0,0,0,0,0,0,0,0,0,0,0,0,0,0,0,0,0,0,0,0,0,0,0,0,0,0,1,0,0,0,0,0,0,0,0,0,0,0,0,0,0,0,0,0,0,0,0,0,0,0,0,0,0,0,0,0,0,0,0,0,0,0,0,0,0,0,0,0,0,0,0,0,0,0,0,10000,10000,0,337,0,11,0,0,0,24928,164,0,0,0,0,0,0,0,0,0,0,0,0,0,0,0,0,0,0,0,0,0,0,0,337,215,0,215,0,0,0,0,0,0,0,0,0,0,0,0,0,0,0,0,0,548,82,0,12853,0,0,0,0,0,0,0,0,0,0,0,0,0,0,0,0,0,0,0,0,1,24,24,24,4,4,0,0,4,0,0,0,0,0,0,4,0,0,0,0,1,8,0,0,0,0,0,0,0,0,4462,0,0,0,0,0,0,0,0,0,0,0,0,0,0,0,0,0,0,0,0,0,0,9,299,0,0,0,0,4,0,0,0,0,0,0,0,0,0,0,0,0,0,0,0,0,0,0,0,0,0,0,0,0,0,0,0,0,0,0,0,0,0,0,0,0,0,0,0,0,0,0,0,0,0,0,0,0,0,0,0,0,0,0,0,0,0,0,0,0,0,0,0,0,0,0,0,0,0,0,0,0,0,0,0,0,0,0,0,0,0,0,0,0,0,0,0,0,0,0,0,0,0,0,0,0,0,0,0,0,0,0,0,0,0,0,0,0,0,0,0,0,0,0,0,0,0,0,0,0,0,0,0,0,0,135448,16104,5890,8478,14368,0,60,8,0,0,0,0,0,0,0,0,0,0,0,0,0,0,0,0,0,0,0,10,0,5,10,0,10,2,0,0,72,73933,73933,0,73933,90033,0,10078694,0,0,0,0,0,0,0,0,0,0,0,0,0,0,0,0,0,0,0,0,0,0,0,0,0,0,0,0,0,0,0,0,0,0,0,0,0,0,0,0,0,0,0,0,0,0,0,0,0,0,0,0,0,0,0,0,0,0,0,0,1,0,441,0,0,0,0,0,0,0,0,0,0
1696453957,116,0,178619,114,4072,116,0,0,0,0,0,0,0,0,0,0,9997,9999,0,0,0,0,9346,0,0,654,0,0,0,0,0,0,2135738,0,0,0,0,0,0,0,0,92,92,0,84,0,84,0,0,0,353,353,354,631,1,0,814320,0,0,0,2758,2758,90,90,6,22,6,6,180,0,1133,1439,0,66,8,0,10,0,12,71,0,0,0,0,0,0,0,0,0,0,0,0,0,0,0,0,0,0,0,0,0,0,0,0,0,0,0,0,0,0,0,0,0,0,0,0,0,0,0,0,0,0,0,0,0,0,0,0,0,0,0,0,0,0,0,0,0,0,0,0,0,0,0,0,0,0,0,0,0,0,0,0,0,0,0,0,0,0,0,0,1209,0,0,0,0,0,351,353,94,93,0,0,0,0,0,0,0,669,2100,613634,455,0,0,0,0,0,0,0,0,0,0,0,0,0,0,0,0,0,0,0,0,0,0,0,0,0,0,0,0,0,0,0,0,0,0,0,0,0,0,0,0,0,0,0,0,0,0,0,0,0,0,0,0,0,0,0,0,0,0,0,10000,7,0,0,39312,947,477,470,0,0,0,0,0,0,0,0,0,0,0,0,0,0,0,0,0,0,0,0,0,0,0,0,0,0,0,0,2517,94,94,94,116,0,0,94,94,92,0,0,0,2,0,0,0,0,0,94,0,0,0,2847,2890,0,2815,2785,0,673419,0,2,0,0,0,0,0,0,29971,1,12,1,94,93,2,196,0,0,0,0,0,0,0,0,0,0,0,0,0,0,251,384580,0,0,0,0,0,0,8,447,0,92,0,0,0,0,0,0,455,0,0,0,0,0,0,0,0,0,0,0,0,0,0,0,0,0,0,0,0,0,0,0,0,0,0,0,0,0,0,0,0,0,0,0,0,0,0,0,0,0,0,0,0,0,0,0,1,0,2,0,0,0,0,0,0,0,0,0,0,0,0,0,0,0,0,0,0,0,0,0,0,0,0,0,0,0,0,0,0,0,0,0,0,0,0,0,0,0,0,0,0,0,0,0,0,10000,9992,8,448,0,4,0,0,0,25536,168,0,0,0,0,0,0,0,0,0,0,0,0,0,0,0,0,0,0,0,0,0,0,0,447,654,0,654,0,0,0,0,0,0,0,0,0,0,0,0,0,0,0,0,0,246,49,0,12785,0,0,0,0,0,0,0,0,0,0,0,0,0,0,0,0,0,0,0,0,2,24,24,24,4,4,0,0,4,0,0,0,0,0,0,4,0,0,0,0,0,8,0,0,0,0,0,0,0,0,4460,0,0,0,0,0,0,0,0,0,0,0,0,0,0,0,0,0,0,0,0,0,0,2,369,0,0,0,0,4,0,0,0,0,0,0,0,0,0,0,0,0,0,0,0,0,0,0,0,0,0,0,0,0,0,0,0,0,0,0,0,0,0,0,0,0,0,0,0,0,0,0,0,0,0,0,0,0,0,0,0,0,0,0,0,0,0,0,0,0,0,0,0,0,0,0,0,0,0,0,0,0,0,0,0,0,0,0,0,0,0,0,0,0,0,0,0,0,0,0,0,0,0,0,0,0,0,0,0,0,0,0,0,0,0,0,0,0,0,0,0,0,0,0,0,0,0,0,0,0,0,0,0,0,0,145448,18343,6395,8277,14672,0,60,8,0,0,0,0,0,0,0,0,0,0,0,0,0,0,0,0,0,0,0,12,0,6,12,0,12,2,0,0,72,68583,68583,0,68583,86924,0,4077309,0,0,0,0,0,0,0,0,0,0,0,0,0,0,0,0,0,0,0,0,0,0,0,0,0,0,0,0,0,0,0,0,0,0,0,0,0,0,0,0,0,0,0,0,0,0,0,0,0,0,0,0,0,0,0,0,0,0,0,0,2,0,68,0,0,0,0,0,0,0,0,0,0
1696455229,139,0,200459,116,4668,139,0,0,0,0,0,0,0,0,0,0,10034,10034,0,0,0,0,9263,0,0,737,0,0,0,0,0,0,6253501,0,0,0,0,0,0,0,0,89,89,0,58,0,58,0,0,0,217,353,217,87,0,0,1752000,0,0,0,2759,2759,78,78,1,5,1,1,156,0,748,1859,1,54,1,0,5,0,35,71,0,0,0,0,0,0,0,0,0,0,0,0,0,0,0,0,0,0,0,0,0,0,0,0,0,0,0,0,0,0,0,0,0,0,0,0,0,0,0,0,0,0,0,0,0,0,0,0,0,0,0,0,0,0,0,0,0,0,0,0,0,0,0,0,0,0,0,0,0,0,0,0,0,0,0,0,0,0,0,0,837,0,0,0,0,0,216,217,93,93,0,0,0,0,0,0,0,573,1456,453509,322,0,0,0,0,0,0,0,0,0,0,0,0,0,0,0,0,0,0,0,0,0,0,0,0,0,0,0,0,0,0,0,0,0,0,0,0,0,0,0,0,0,0,0,0,0,0,0,0,0,0,0,0,0,0,0,0,0,0,0,10000,34,0,0,40824,560,281,279,0,0,0,0,0,0,0,0,0,0,0,0,0,0,0,0,0,0,0,0,0,0,0,0,0,0,0,0,2699,93,94,93,59,0,0,93,93,89,0,0,0,4,0,0,0,0,0,93,0,0,0,3410,3366,0,3356,2858,0,3348634,0,72,0,0,0,0,0,0,69519,5,39,4,93,93,9,124,0,0,0,0,0,0,0,0,0,0,0,0,0,0,251,384580,0,0,0,0,0,0,12,310,0,89,0,0,0,0,0,0,322,0,0,0,0,0,0,0,0,0,0,0,0,0,0,0,0,0,0,0,0,0,0,0,0,0,0,0,0,0,0,0,0,0,0,0,0,0,0,0,0,0,0,0,0,0,0,0,1,0,0,0,0,0,0,0,0,0,0,0,0,0,0,0,0,0,0,0,0,0,0,0,0,0,0,0,0,0,0,0,0,0,0,0,0,0,0,0,0,0,0,0,0,0,0,0,0,10000,9988,12,310,0,31,0,0,0,30248,199,0,0,0,0,0,0,0,0,0,0,0,0,0,0,0,0,0,0,0,0,0,0,0,310,88,0,88,0,0,0,0,0,0,0,0,0,0,0,0,0,0,0,0,0,410,74,0,12858,0,0,0,0,0,0,0,0,0,0,0,0,0,0,0,0,0,0,0,0,11,99,99,96,17,17,4,0,13,0,0,0,0,0,0,13,1,0,0,0,7,8,0,0,0,0,0,0,0,0,21932,0,0,0,0,0,0,0,0,0,0,0,0,0,0,0,0,0,0,0,0,0,0,22,330,0,0,0,0,17,0,0,0,0,0,0,0,0,0,0,0,0,0,0,0,0,0,0,0,0,0,0,0,0,0,0,0,0,0,0,0,0,0,0,0,0,0,0,0,0,0,0,0,0,0,0,0,0,0,0,0,0,0,0,0,0,0,0,0,0,0,0,0,0,0,0,0,0,0,0,0,0,0,0,0,0,0,0,0,0,0,0,0,0,0,0,0,0,0,0,0,0,0,0,0,0,0,0,0,0,0,0,0,0,0,0,0,0,0,0,0,0,0,0,0,0,0,0,0,0,0,0,0,0,0,155448,16038,6294,8352,14646,0,232,27,0,1,1,1,0,0,0,0,0,0,0,0,0,0,0,0,0,0,0,2,0,1,2,0,2,2,0,0,72,75202,75202,0,75202,91222,1,13778387,0,0,0,0,0,0,0,0,0,0,0,0,0,0,0,0,0,0,0,0,0,0,0,0,0,0,0,0,0,0,0,0,0,0,0,0,0,0,0,0,0,0,0,0,0,0,0,0,0,0,0,0,0,0,0,0,0,0,0,0,4,0,564,0,0,0,0,0,0,0,0,0,0
1696455520,144,0,233517,139,4955,144,0,0,0,0,0,0,0,0,0,0,9943,9945,0,0,0,0,9629,0,0,371,0,0,0,0,0,0,8527640,0,0,0,0,0,0,0,0,39,39,0,29,0,29,0,0,0,103,353,103,43,0,0,6857770,0,0,0,932,932,34,34,1,5,1,1,68,0,287,571,0,19,2,0,5,0,36,71,0,0,0,0,0,0,0,0,0,0,0,0,0,0,0,0,0,0,0,0,0,0,0,0,0,0,0,0,0,0,0,0,0,0,0,0,0,0,0,0,0,0,0,0,0,0,0,0,0,0,0,0,0,0,0,0,0,0,0,0,0,0,0,0,0,0,0,0,0,0,0,0,0,0,0,0,0,0,0,0,388,0,0,0,0,0,101,103,44,44,0,0,0,0,0,0,0,235,680,220508,147,0,0,0,0,0,0,0,0,0,0,0,0,0,0,0,0,0,0,0,0,0,0,0,0,0,0,0,0,0,0,0,0,0,0,0,0,0,0,0,0,0,0,0,0,0,0,0,0,0,0,0,0,0,0,0,0,0,0,0,10000,10,0,0,48168,278,142,136,0,0,0,0,0,0,0,0,0,0,0,0,0,0,0,0,0,0,0,0,0,0,0,0,0,0,0,0,7195,44,94,44,43,0,0,44,44,39,0,0,0,2,0,0,0,0,0,44,0,0,0,1075,1071,0,1070,983,0,1003851,0,4,0,0,0,0,0,0,69824,7,35,7,51,46,3,88,0,0,0,0,0,0,0,0,0,0,0,0,0,0,251,384580,0,0,0,0,0,0,0,147,0,39,0,0,0,0,0,0,147,0,0,0,0,0,0,0,0,0,0,0,0,0,0,0,0,0,0,0,0,0,0,0,0,0,0,0,0,0,0,0,0,0,0,0,0,0,0,0,0,0,0,0,0,0,0,0,1,0,0,0,0,0,0,0,0,0,0,0,0,0,0,0,0,0,0,0,0,0,0,0,0,0,0,0,0,0,0,0,0,0,0,0,0,0,0,0,0,0,0,0,0,0,0,0,0,10000,10000,0,147,0,10,0,0,0,31768,209,0,0,0,0,0,0,0,0,0,0,0,0,0,0,0,0,0,0,0,0,0,0,0,147,44,0,44,0,0,0,0,0,0,0,0,0,0,0,0,0,0,0,0,0,471,78,0,10983,0,0,0,0,0,0,0,0,0,0,0,0,0,0,0,0,0,0,0,0,5,49,49,48,8,8,0,0,8,0,0,0,0,0,0,8,0,0,0,0,5,8,0,0,0,0,0,0,0,0,10829,0,0,0,0,0,0,0,0,0,0,0,0,0,0,0,0,0,0,0,0,0,0,5,130,0,0,0,0,8,0,0,0,0,0,0,0,0,0,0,0,0,0,0,0,0,0,0,0,0,0,0,0,0,0,0,0,0,0,0,0,0,0,0,0,0,0,0,0,0,0,0,0,0,0,0,0,0,0,0,0,0,0,0,0,0,0,0,0,0,0,0,0,0,0,0,0,0,0,0,0,0,0,0,0,0,0,0,0,0,0,0,0,0,0,0,0,0,0,0,0,0,0,0,0,0,0,0,0,0,0,0,0,0,0,0,0,0,0,0,0,0,0,0,0,0,0,0,0,0,0,0,0,0,0,165448,12591,14806,2838,17644,0,120,16,0,0,0,0,0,0,0,0,0,0,0,0,0,0,0,0,0,0,0,2,0,1,2,0,2,2,0,0,72,89039,89039,0,89039,101623,0,16906710,0,0,0,0,0,0,0,0,0,0,0,0,0,0,0,0,0,0,0,0,0,0,0,0,0,0,0,0,0,0,0,0,0,0,0,0,0,0,0,0,0,0,0,0,0,0,0,0,0,0,0,0,0,0,0,0,0,0,0,0,2,0,155,0,0,0,0,0,0,0,0,0,0
1696455581,147,0,244149,144,5183,147,0,0,0,0,0,0,0,0,0,0,17238,17238,0,0,0,0,16935,0,0,283,0,0,0,0,0,0,17171702,0,0,0,0,0,0,0,0,18,18,0,16,0,16,0,0,0,98,353,98,0,0,0,15823045,0,0,0,267,267,18,18,0,0,0,0,36,0,97,135,0,4,0,0,2,0,42,71,0,0,0,0,0,0,0,0,0,0,0,0,0,0,0,0,0,0,0,0,0,0,0,0,0,0,0,0,0,0,0,0,0,0,0,0,0,0,0,0,0,0,0,0,0,0,0,0,0,0,0,0,0,0,0,0,0,0,0,0,0,0,0,0,0,0,0,0,0,0,0,0,0,0,0,0,0,0,0,0,351,0,0,0,0,0,97,98,18,18,0,0,0,0,0,0,0,202,582,161511,122,0,0,0,0,0,0,0,0,0,0,0,0,0,0,0,0,0,0,0,0,0,0,0,0,0,0,0,0,0,0,0,0,0,0,0,0,0,0,0,0,0,0,0,0,0,0,0,0,0,0,0,0,0,0,0,0,0,0,0,17218,8,0,0,50328,327,165,162,0,0,0,0,0,0,0,0,0,0,0,0,0,0,0,0,0,0,0,0,0,0,0,0,0,0,0,0,15951,18,94,18,12,0,0,18,18,18,0,0,0,0,0,0,0,0,0,18,0,0,0,473,411,0,405,292,0,440055,0,2,0,0,0,0,0,0,177024,7,41,7,18,18,3,21,0,0,0,0,0,0,0,0,0,0,0,0,0,0,251,384580,0,0,0,0,0,0,6,116,0,18,0,0,0,0,0,0,122,0,0,0,0,0,0,0,0,0,0,0,0,0,0,0,0,0,0,0,0,0,0,0,0,0,0,0,0,0,0,0,0,0,0,0,0,0,0,0,0,0,0,0,0,0,0,0,1,0,0,0,0,0,0,0,0,0,0,0,0,0,0,0,0,0,0,0,0,0,0,0,0,0,0,0,0,0,0,0,0,0,0,0,0,0,0,0,0,0,0,0,0,0,0,0,0,17218,17212,6,116,0,6,0,0,0,32680,215,0,0,0,0,0,0,0,0,0,0,0,0,0,0,0,0,0,0,0,0,0,0,0,116,0,0,0,0,0,0,0,0,0,0,0,0,0,0,0,0,0,0,0,0,575,81,0,17510,0,0,0,0,0,0,0,0,0,0,0,0,0,0,0,0,0,0,0,0,0,24,24,24,4,4,0,0,4,0,0,0,0,0,0,4,0,0,0,0,5,8,0,0,0,0,0,0,0,0,4460,0,0,0,0,0,0,0,0,0,0,0,0,0,0,0,0,0,0,0,0,0,0,3,111,0,0,0,0,4,0,0,0,0,0,0,0,0,0,0,0,0,0,0,0,0,0,0,0,0,0,0,0,0,0,0,0,0,0,0,0,0,0,0,0,0,0,0,0,0,0,0,0,0,0,0,0,0,0,0,0,0,0,0,0,0,0,0,0,0,0,0,0,0,0,0,0,0,0,0,0,0,0,0,0,0,0,0,0,0,0,0,0,0,0,0,0,0,0,0,0,0,0,0,0,0,0,0,0,0,0,0,0,0,0,0,0,0,0,0,0,0,0,0,0,0,0,0,0,0,0,0,0,0,0,182666,18371,32279,822,33101,0,60,8,0,0,0,0,0,0,0,0,0,0,0,0,0,0,0,0,0,0,0,0,0,0,0,0,0,2,0,0,72,170773,170773,0,170773,189144,0,33034550,0,0,0,0,0,0,0,0,0,0,0,0,0,0,0,0,0,0,0,0,0,0,0,0,0,0,0,0,0,0,0,0,0,0,0,0,0,0,0,0,0,0,0,0,0,0,0,0,0,0,0,0,0,0,0,0,0,0,0,0,0,0,92,0,0,0,0,0,0,0,0,0,0
1696456352,148,0,252397,147,5449,148,0,0,0,0,0,0,0,0,0,0,9989,9979,0,0,10,0,9547,0,0,453,0,0,0,0,0,0,8602075,0,0,0,0,0,0,0,0,20,20,0,25,0,25,0,0,0,112,353,112,77,0,0,7784514,0,0,0,725,725,20,20,1,5,1,1,40,0,305,379,0,14,2,0,3,0,28,71,0,0,0,0,0,0,0,0,0,0,0,0,0,0,0,0,0,0,0,0,0,0,0,0,0,0,0,0,0,0,0,0,0,0,0,0,0,0,0,0,0,0,0,0,0,0,0,0,0,0,0,0,0,0,0,0,0,0,0,0,0,0,0,0,0,0,0,0,0,0,0,0,0,0,0,0,0,0,0,0,360,0,0,0,0,0,111,112,23,21,0,0,0,0,0,0,0,209,627,186881,135,0,0,0,0,0,0,0,0,0,0,0,0,0,0,0,0,0,0,0,0,0,0,0,0,0,0,0,0,0,0,0,0,0,0,0,0,0,0,0,0,0,0,0,0,0,0,0,0,0,0,0,0,0,0,0,0,0,0,0,10000,2,0,0,52056,314,158,156,0,0,0,0,0,0,0,0,0,0,0,0,0,0,0,0,0,0,0,0,0,0,0,0,0,0,0,0,7762,23,94,23,39,0,0,23,23,20,0,0,0,0,0,0,0,0,0,23,0,0,0,777,751,0,749,729,0,185912,0,2,0,0,0,0,0,0,211522,9,23,7,23,21,1,78,0,0,0,0,0,0,0,0,0,0,0,0,0,0,251,384580,0,0,0,0,0,0,0,135,0,20,0,0,0,0,0,0,135,0,0,0,0,0,0,0,0,0,0,0,0,0,0,0,0,0,0,0,0,0,0,0,0,0,0,0,0,0,0,0,0,0,0,0,0,0,0,0,0,0,0,0,0,0,0,0,1,0,0,0,0,0,0,0,0,0,0,0,0,0,0,0,0,0,0,0,0,0,0,0,0,0,0,0,0,0,0,0,0,0,0,0,0,0,0,0,0,0,0,0,0,0,0,0,0,10000,10000,0,135,0,2,0,0,0,32984,217,0,0,0,0,0,0,0,0,0,0,0,0,0,0,0,0,0,0,0,0,0,0,0,135,79,0,79,0,0,0,0,0,0,0,0,0,0,0,0,0,0,0,0,0,594,83,0,10729,0,0,0,0,0,0,0,0,0,0,0,0,0,0,0,0,0,0,0,0,0,0,0,0,0,0,0,0,0,0,0,0,0,0,0,0,0,0,0,0,0,8,0,0,0,0,0,0,0,0,0,0,0,0,0,0,0,0,0,0,0,0,0,0,0,0,0,0,0,0,0,0,0,1,110,0,0,0,0,0,0,0,0,0,0,0,0,0,0,0,0,0,0,0,0,0,0,0,0,0,0,0,0,0,0,0,0,0,0,0,0,0,0,0,0,0,0,0,0,0,0,0,0,0,0,0,0,0,0,0,0,0,0,0,0,0,0,0,0,0,0,0,0,0,0,0,0,0,0,0,0,0,0,0,0,0,0,0,0,0,0,0,0,0,0,0,0,0,0,0,0,0,0,0,0,0,0,0,0,0,0,0,0,0,0,0,0,0,0,0,0,0,0,0,0,0,0,0,0,0,0,0,0,0,0,192666,11979,15920,2178,18098,0,0,0,0,0,0,0,0,0,0,0,0,0,0,0,0,0,0,0,0,0,0,2,0,1,2,0,2,2,0,0,72,91730,91730,0,91730,103709,0,16240804,0,0,0,0,0,0,0,0,0,0,0,0,0,0,0,0,0,0,0,0,0,0,0,0,0,0,0,0,0,0,0,0,0,0,0,0,0,0,0,0,0,0,0,0,0,0,0,0,0,0,0,0,0,0,0,0,0,0,0,0,0,0,31,0,0,0,0,0,0,0,0,0,0
1696460051,157,0,259549,148,6281,157,0,0,0,0,0,0,0,0,0,0,10051,10060,0,0,0,0,8632,0,0,1368,0,0,0,0,0,0,3357908,0,0,0,0,0,0,0,0,93,93,0,90,0,90,0,0,0,326,353,331,591,5,0,733008,0,0,0,2725,2725,91,91,2,10,2,2,182,0,1031,1511,0,76,4,0,5,0,14,71,0,0,0,0,0,0,0,0,0,0,0,0,0,0,0,0,0,0,0,0,0,0,0,0,0,0,0,0,0,0,0,0,0,0,0,0,0,0,0,0,0,0,0,0,0,0,0,0,0,0,0,0,0,0,0,0,0,0,0,0,0,0,0,0,0,0,0,0,0,0,0,0,0,0,0,0,0,0,0,0,1102,0,0,0,0,0,332,326,91,92,0,0,0,0,0,0,0,653,1943,618232,417,0,0,0,0,0,0,0,0,0,0,0,0,0,0,0,0,0,0,0,0,0,0,0,0,0,0,0,0,0,0,0,0,0,0,0,0,0,0,0,0,0,0,0,0,0,0,0,0,0,0,0,0,0,0,0,0,0,0,0,10000,12,0,0,52488,853,426,427,0,0,0,0,0,0,0,0,0,0,0,0,0,0,0,0,0,0,0,0,0,0,0,0,0,0,0,0,2324,91,94,91,115,0,0,91,91,93,0,0,0,1,0,0,0,0,0,91,0,0,0,2809,2919,0,2799,2752,0,1059537,0,35,0,0,0,0,0,0,66911,0,14,1,92,92,1,178,0,0,0,0,0,0,0,0,0,0,0,0,0,0,251,384580,0,0,0,0,0,0,0,417,0,93,0,0,0,0,0,0,417,0,0,0,0,0,0,0,0,0,0,0,0,0,0,0,0,0,0,0,0,0,0,0,0,0,0,0,0,0,0,0,0,0,0,0,0,0,0,0,0,0,0,0,0,0,0,0,1,0,0,0,0,0,0,0,0,0,0,0,0,0,0,0,0,0,0,0,0,0,0,0,0,0,0,0,0,0,0,0,0,0,0,0,0,0,0,0,0,0,0,0,0,0,0,0,0,10000,10000,0,422,0,12,0,0,0,34808,229,0,0,0,0,0,0,0,0,0,0,0,0,0,0,0,0,0,0,0,0,0,0,0,417,615,0,615,0,0,0,0,0,0,0,0,0,0,0,0,0,0,0,0,0,310,53,0,12752,0,0,0,0,0,0,0,0,0,0,0,0,0,0,0,0,0,0,0,0,2,24,24,24,4,4,0,0,4,0,0,0,0,0,0,4,0,0,0,0,0,8,0,0,0,0,0,0,0,0,4726,0,0,0,0,0,0,0,0,0,0,0,0,0,0,0,0,0,0,0,0,0,0,8,361,0,0,0,0,4,0,0,0,0,0,0,0,0,0,0,0,0,0,0,0,0,0,0,0,0,0,0,0,0,0,0,0,0,0,0,0,0,0,0,0,0,0,0,0,0,0,0,0,0,0,0,0,0,0,0,0,0,0,0,0,0,0,0,0,0,0,0,0,0,0,0,0,0,0,0,0,0,0,0,0,0,0,0,0,0,0,0,0,0,0,0,0,0,0,0,0,0,0,0,0,0,0,0,0,0,0,0,0,0,0,0,0,0,0,0,0,0,0,0,0,0,0,0,0,0,0,0,0,0,0,202666,16966,5956,8193,14149,0,60,8,0,0,0,0,0,0,0,0,0,0,0,0,0,0,0,0,0,0,0,4,0,2,4,0,4,2,0,0,72,67510,67510,0,67510,84472,0,5093145,0,0,0,0,0,0,0,0,0,0,0,0,0,0,0,0,0,0,0,0,0,0,0,0,0,0,0,0,0,0,0,0,0,0,0,0,0,0,0,0,0,0,0,0,0,0,0,0,0,0,0,0,0,0,0,0,0,0,0,0,1,0,125,0,0,0,0,0,0,0,0,0,0
1696464450,159,0,285482,157,7171,159,0,0,0,0,0,0,0,0,0,0,9963,9963,0,0,0,0,9051,0,0,949,0,0,0,0,0,0,2967429,0,0,0,0,0,0,0,0,89,89,0,104,0,104,0,0,0,356,356,356,465,0,0,888517,0,0,0,2573,2573,89,89,3,13,3,3,178,0,1055,1329,2,83,4,0,5,0,15,71,0,0,0,0,0,0,0,0,0,0,0,0,0,0,0,0,0,0,0,0,0,0,0,0,0,0,0,0,0,0,0,0,0,0,0,0,0,0,0,0,0,0,0,0,0,0,0,0,0,0,0,0,0,0,0,0,0,0,0,0,0,0,0,0,0,0,0,0,0,0,0,0,0,0,0,0,0,0,0,0,1140,0,0,0,0,0,355,356,90,89,0,0,0,0,0,0,0,628,2030,674757,446,0,0,0,0,0,0,0,0,0,0,0,0,0,0,0,0,0,0,0,0,0,0,0,0,0,0,0,0,0,0,0,0,0,0,0,0,0,0,0,0,0,0,0,0,0,0,0,0,0,0,0,0,0,0,0,0,0,0,0,10000,4,0,0,55080,885,444,441,0,0,0,0,0,0,0,0,0,0,0,0,0,0,0,0,0,0,0,0,0,0,0,0,0,0,0,0,2634,90,94,90,88,0,0,90,90,89,0,0,0,1,0,0,0,0,0,90,0,0,0,2869,2806,0,2771,2586,0,832019,0,1,0,0,0,0,0,0,172055,1,13,3,90,89,1,173,0,0,0,0,0,0,0,0,0,0,0,0,0,0,251,384580,0,0,0,0,0,0,0,446,0,89,0,0,0,0,0,0,446,0,0,0,0,0,0,0,0,0,0,0,0,0,0,0,0,0,0,0,0,0,0,0,0,0,0,0,0,0,0,0,0,0,0,0,0,0,0,0,0,0,0,0,0,0,0,0,1,0,0,0,0,0,0,0,0,0,0,0,0,0,0,0,0,0,0,0,0,0,0,0,0,0,0,0,0,0,0,0,0,0,0,0,0,0,0,0,0,0,0,0,0,0,0,0,0,10000,10000,0,446,0,4,0,0,0,35416,233,0,0,0,0,0,0,0,0,0,0,0,0,0,0,0,0,0,0,0,0,0,0,0,446,472,0,472,0,0,0,0,0,0,0,0,0,0,0,0,0,0,0,0,0,203,33,0,12586,0,0,0,0,0,0,0,0,0,0,0,0,0,0,0,0,0,0,0,0,0,0,0,0,0,0,0,0,0,0,0,0,0,0,0,0,0,0,0,0,0,8,0,0,0,0,0,0,0,0,0,0,0,0,0,0,0,0,0,0,0,0,0,0,0,0,0,0,0,0,0,0,0,3,350,0,0,0,0,0,0,0,0,0,0,0,0,0,0,0,0,0,0,0,0,0,0,0,0,0,0,0,0,0,0,0,0,0,0,0,0,0,0,0,0,0,0,0,0,0,0,0,0,0,0,0,0,0,0,0,0,0,0,0,0,0,0,0,0,0,0,0,0,0,0,0,0,0,0,0,0,0,0,0,0,0,0,0,0,0,0,0,0,0,0,0,0,0,0,0,0,0,0,0,0,0,0,0,0,0,0,0,0,0,0,0,0,0,0,0,0,0,0,0,0,0,0,0,0,0,0,0,0,0,0,212666,17322,6612,7743,14355,0,0,0,0,0,0,0,0,0,0,0,0,0,0,0,0,0,0,0,0,0,0,6,0,3,6,0,6,2,0,0,72,65758,65758,0,65758,83080,0,4671020,0,0,0,0,0,0,0,0,0,0,0,0,0,0,0,0,0,0,0,0,0,0,0,0,0,0,0,0,0,0,0,0,0,0,0,0,0,0,0,0,0,0,0,0,0,0,0,0,0,0,0,0,0,0,0,0,0,0,0,0,1,0,112,0,0,0,0,0,0,0,0,0,0
1696469461,159,0,306290,159,8140,159,0,0,0,0,0,0,0,0,0,0,10009,10007,0,0,2,0,9498,0,0,502,0,0,0,0,0,0,1771454,0,0,0,0,0,0,0,0,98,98,0,109,0,109,0,0,0,386,386,387,374,1,0,811460,0,0,0,2849,2849,98,98,2,10,2,2,196,0,1200,1453,0,90,4,0,4,0,10,71,0,0,0,0,0,0,0,0,0,0,0,0,0,0,0,0,0,0,0,0,0,0,0,0,0,0,0,0,0,0,0,0,0,0,0,0,0,0,0,0,0,0,0,0,0,0,0,0,0,0,0,0,0,0,0,0,0,0,0,0,0,0,0,0,0,0,0,0,0,0,0,0,0,0,0,0,0,0,0,0,1289,0,0,0,0,0,387,386,98,98,0,0,0,0,0,0,0,669,2258,706046,484,0,0,0,0,0,0,0,0,0,0,0,0,0,0,0,0,0,0,0,0,0,0,0,0,0,0,0,0,0,0,0,0,0,0,0,0,0,0,0,0,0,0,0,0,0,0,0,0,0,0,0,0,0,0,0,0,0,0,0,10000,1,0,0,55944,982,491,491,0,0,0,0,0,0,0,0,0,0,0,0,0,0,0,0,0,0,0,0,0,0,0,0,0,0,0,0,2708,98,98,98,105,0,0,98,98,98,0,0,0,0,0,0,0,0,0,98,0,0,0,2877,2970,0,2870,2850,0,493267,0,0,0,0,0,0,0,0,31279,0,9,1,98,98,1,194,0,0,0,0,0,0,0,0,0,0,0,0,0,0,251,384580,0,0,0,0,0,0,0,484,0,98,0,0,0,0,0,0,484,0,0,0,0,0,0,0,0,0,0,0,0,0,0,0,0,0,0,0,0,0,0,0,0,0,0,0,0,0,0,0,0,0,0,0,0,0,0,0,0,0,0,0,0,0,0,0,1,0,0,0,0,0,0,0,0,0,0,0,0,0,0,0,0,0,0,0,0,0,0,0,0,0,0,0,0,0,0,0,0,0,0,0,0,0,0,0,0,0,0,0,0,0,0,0,0,10000,10000,0,485,0,1,0,0,0,35568,234,0,0,0,0,0,0,0,0,0,0,0,0,0,0,0,0,0,0,0,0,0,0,0,484,387,0,387,0,0,0,0,0,0,0,0,0,0,0,0,0,0,0,0,0,210,33,0,12850,0,0,0,0,0,0,0,0,0,0,0,0,0,0,0,0,0,0,0,0,0,0,0,0,0,0,0,0,0,0,0,0,0,0,0,0,0,0,0,0,0,8,0,0,0,0,0,0,0,0,0,0,0,0,0,0,0,0,0,0,0,0,0,0,0,0,0,0,0,0,0,0,0,0,375,0,0,0,0,0,0,0,0,0,0,0,0,0,0,0,0,0,0,0,0,0,0,0,0,0,0,0,0,0,0,0,0,0,0,0,0,0,0,0,0,0,0,0,0,0,0,0,0,0,0,0,0,0,0,0,0,0,0,0,0,0,0,0,0,0,0,0,0,0,0,0,0,0,0,0,0,0,0,0,0,0,0,0,0,0,0,0,0,0,0,0,0,0,0,0,0,0,0,0,0,0,0,0,0,0,0,0,0,0,0,0,0,0,0,0,0,0,0,0,0,0,0,0,0,0,0,0,0,0,0,222666,18848,6908,8538,15446,0,0,0,0,0,0,0,0,0,0,0,0,0,0,0,0,0,0,0,0,0,0,4,0,2,4,0,4,2,0,0,72,70575,70575,0,70575,89423,0,3592827,0,0,0,0,0,0,0,0,0,0,0,0,0,0,0,0,0,0,0,0,0,0,0,0,0,0,0,0,0,0,0,0,0,0,0,0,0,0,0,0,0,0,0,0,0,0,0,0,0,0,0,0,0,0,0,0,0,0,0,0,0,0,30,0,0,0,0,0,0,0,0,0,0
1696472071,164,0,326772,159,8889,164,0,0,0,0,0,0,0,0,0,0,10024,10021,0,0,3,0,9032,0,0,968,0,0,0,0,0,0,5260713,0,0,0,0,0,0,0,0,77,77,0,89,0,89,0,0,0,301,386,301,243,0,0,984815,0,0,0,2709,2709,77,77,2,8,2,2,154,0,933,1618,0,58,3,0,4,0,23,71,0,0,0,0,0,0,0,0,0,0,0,0,0,0,0,0,0,0,0,0,0,0,0,0,0,0,0,0,0,0,0,0,0,0,0,0,0,0,0,0,0,0,0,0,0,0,0,0,0,0,0,0,0,0,0,0,0,0,0,0,0,0,0,0,0,0,0,0,0,0,0,0,0,0,0,0,0,0,0,0,1004,0,0,0,0,0,299,301,77,77,0,0,0,0,0,0,0,560,1758,600056,378,0,0,0,0,0,0,0,0,0,0,0,0,0,0,0,0,0,0,0,0,0,0,0,0,0,0,0,0,0,0,0,0,0,0,0,0,0,0,0,0,0,0,0,0,0,0,0,0,0,0,0,0,0,0,0,0,0,0,0,10000,10,0,0,56160,751,377,374,0,0,0,0,0,0,0,0,0,0,0,0,0,0,0,0,0,0,0,0,0,0,0,0,0,0,0,0,2490,77,98,77,63,0,0,77,77,77,0,0,0,0,0,0,0,0,0,77,0,0,0,3317,3260,0,3255,2710,0,2963836,0,71,0,0,0,0,0,0,112044,0,23,1,77,77,1,125,0,0,0,0,0,0,0,0,0,0,0,0,0,0,251,384580,0,0,0,0,0,0,0,378,0,77,0,0,0,0,0,0,378,0,0,0,0,0,0,0,0,0,0,0,0,0,0,0,0,0,0,0,0,0,0,0,0,0,0,0,0,0,0,0,0,0,0,0,0,0,0,0,0,0,0,0,0,0,0,0,1,0,0,0,0,0,0,0,0,0,0,0,0,0,0,0,0,0,0,0,0,0,0,0,0,0,0,0,0,0,0,0,0,0,0,0,0,0,0,0,0,0,0,0,0,0,0,0,0,10000,10000,0,378,0,10,0,0,0,37088,244,0,0,0,0,0,0,0,0,0,0,0,0,0,0,0,0,0,0,0,0,0,0,0,378,246,0,246,0,0,0,0,0,0,0,0,0,0,0,0,0,0,0,0,0,281,41,0,12710,0,0,0,0,0,0,0,0,0,0,0,0,0,0,0,0,0,0,0,0,0,0,0,0,0,0,0,0,0,0,0,0,0,0,0,0,0,0,0,0,0,8,0,0,0,0,0,0,0,0,0,0,0,0,0,0,0,0,0,0,0,0,0,0,0,0,0,0,0,0,0,0,0,6,305,0,0,0,0,0,0,0,0,0,0,0,0,0,0,0,0,0,0,0,0,0,0,0,0,0,0,0,0,0,0,0,0,0,0,0,0,0,0,0,0,0,0,0,0,0,0,0,0,0,0,0,0,0,0,0,0,0,0,0,0,0,0,0,0,0,0,0,0,0,0,0,0,0,0,0,0,0,0,0,0,0,0,0,0,0,0,0,0,0,0,0,0,0,0,0,0,0,0,0,0,0,0,0,0,0,0,0,0,0,0,0,0,0,0,0,0,0,0,0,0,0,0,0,0,0,0,0,0,0,0,232666,16276,6074,8126,14200,0,0,0,0,0,0,0,0,0,0,0,0,0,0,0,0,0,0,0,0,0,0,4,0,2,4,0,4,2,0,0,72,70634,70634,0,70634,86910,0,11233920,0,0,0,0,0,0,0,0,0,0,0,0,0,0,0,0,0,0,0,0,0,0,0,0,0,0,0,0,0,0,0,0,0,0,0,0,0,0,0,0,0,0,0,0,0,0,0,0,0,0,0,0,0,0,0,0,0,0,0,0,0,0,468,0,0,0,0,0,0,0,0,0,0
1696476205,166,0,346900,164,9798,166,0,0,0,0,0,0,0,0,0,0,9947,9952,0,0,0,0,9488,0,0,512,0,0,0,0,0,0,1993753,0,0,0,0,0,0,0,0,88,88,0,95,0,95,0,0,0,366,386,368,381,2,0,869035,0,0,0,2769,2769,86,86,5,17,5,5,172,0,1286,1300,0,74,6,0,6,0,12,71,0,0,0,0,0,0,0,0,0,0,0,0,0,0,0,0,0,0,0,0,0,0,0,0,0,0,0,0,0,0,0,0,0,0,0,0,0,0,0,0,0,0,0,0,0,0,0,0,0,0,0,0,0,0,0,0,0,0,0,0,0,0,0,0,0,0,0,0,0,0,0,0,0,0,0,0,0,0,0,0,1266,0,0,0,0,0,368,366,89,88,0,0,0,0,0,0,0,646,2177,642493,461,0,0,0,0,0,0,0,0,0,0,0,0,0,0,0,0,0,0,0,0,0,0,0,0,0,0,0,0,0,0,0,0,0,0,0,0,0,0,0,0,0,0,0,0,0,0,0,0,0,0,0,0,0,0,0,0,0,0,0,10000,2,0,0,58320,988,494,494,0,0,0,0,0,0,0,0,0,0,0,0,0,0,0,0,0,0,0,0,0,0,0,0,0,0,0,0,2848,89,98,89,99,0,0,89,89,88,0,0,0,0,0,0,0,0,0,89,0,0,0,2832,2883,0,2817,2785,0,605402,0,0,0,0,0,0,0,0,32920,1,11,2,89,88,2,196,0,0,0,0,0,0,0,0,0,0,0,0,0,0,251,384580,0,0,0,0,0,0,6,455,0,88,0,0,0,0,0,0,461,0,0,0,0,0,0,0,0,0,0,0,0,0,0,0,0,0,0,0,0,0,0,0,0,0,0,0,0,0,0,0,0,0,0,0,0,0,0,0,0,0,0,0,0,0,0,0,1,0,0,0,0,0,0,0,0,0,0,0,0,0,0,0,0,0,0,0,0,0,0,0,0,0,0,0,0,0,0,0,0,0,0,0,0,0,0,0,0,0,0,0,0,0,0,0,0,10000,9994,6,457,0,2,0,0,0,37392,246,0,0,0,0,0,0,0,0,0,0,0,0,0,0,0,0,0,0,0,0,0,0,0,455,384,0,384,0,0,0,0,0,0,0,0,0,0,0,0,0,0,0,0,0,258,42,0,12785,0,0,0,0,0,0,0,0,0,0,0,0,0,0,0,0,0,0,0,0,2,12,12,12,2,2,0,0,2,0,0,0,0,0,0,2,0,0,0,0,0,8,0,0,0,0,0,0,0,0,2600,0,0,0,0,0,0,0,0,0,0,0,0,0,0,0,0,0,0,0,0,0,0,2,371,0,0,0,0,2,0,0,0,0,0,0,0,0,0,0,0,0,0,0,0,0,0,0,0,0,0,0,0,0,0,0,0,0,0,0,0,0,0,0,0,0,0,0,0,0,0,0,0,0,0,0,0,0,0,0,0,0,0,0,0,0,0,0,0,0,0,0,0,0,0,0,0,0,0,0,0,0,0,0,0,0,0,0,0,0,0,0,0,0,0,0,0,0,0,0,0,0,0,0,0,0,0,0,0,0,0,0,0,0,0,0,0,0,0,0,0,0,0,0,0,0,0,0,0,0,0,0,0,0,0,242666,18579,7108,8317,15425,0,30,4,0,0,0,0,0,0,0,0,0,0,0,0,0,0,0,0,0,0,0,10,0,5,10,0,10,2,0,0,72,71136,71136,0,71136,89713,0,3974317,0,0,0,0,0,0,0,0,0,0,0,0,0,0,0,0,0,0,0,0,0,0,0,0,0,0,0,0,0,0,0,0,0,0,0,0,0,0,0,0,0,0,0,0,0,0,0,0,0,0,0,0,0,0,0,0,0,0,0,0,0,0,42,0,0,0,0,0,0,0,0,0,0
1696481405,166,0,368226,166,10793,166,0,0,0,0,0,0,0,0,0,0,10008,10009,0,0,0,0,9538,0,0,462,0,0,0,0,0,0,1874393,0,0,0,0,0,0,0,0,99,99,0,114,0,114,0,0,0,398,398,401,380,3,0,891135,0,0,0,2752,2752,99,98,3,9,3,3,197,0,1226,1325,0,86,3,0,4,0,15,71,0,0,0,0,0,0,0,0,0,0,0,0,0,0,0,0,0,0,0,0,0,0,0,0,0,0,0,0,0,0,0,0,0,0,0,0,0,0,0,0,0,0,0,0,0,0,0,0,0,0,0,0,0,0,0,0,0,0,0,0,0,0,0,0,0,0,0,0,0,0,0,0,0,0,0,0,0,0,0,0,1288,0,0,0,0,0,394,398,102,101,0,0,0,0,0,0,0,676,2283,729404,500,0,0,0,0,0,0,0,0,0,0,0,0,0,0,0,0,0,0,0,0,0,0,0,0,0,0,0,0,0,0,0,0,0,0,0,0,0,0,0,0,0,0,0,0,0,0,0,0,0,0,0,0,0,0,0,0,0,0,0,10000,0,0,0,58752,989,500,489,0,0,0,0,0,0,0,0,0,0,0,0,0,0,0,0,0,0,0,0,0,0,0,0,0,0,0,0,2849,102,102,102,97,0,0,102,102,99,0,0,0,0,0,0,0,0,0,102,0,0,0,2784,2788,0,2776,2755,0,520292,0,2,0,0,0,0,0,0,33545,3,12,4,106,105,5,193,0,0,0,0,0,0,0,0,0,0,0,0,0,0,251,384580,0,0,0,0,0,0,0,500,0,99,0,0,0,0,0,0,500,0,0,0,0,0,0,0,0,0,0,0,0,0,0,0,0,0,0,0,0,0,0,0,0,0,0,0,0,0,0,0,0,0,0,0,0,0,0,0,0,0,0,0,0,0,0,0,1,0,0,0,0,0,0,0,0,0,0,0,0,0,0,0,0,0,0,0,0,0,0,0,0,0,0,0,0,0,0,0,0,0,0,0,0,0,0,0,0,0,0,0,0,0,0,0,0,10000,10000,0,503,0,0,0,0,0,37392,246,0,0,0,0,0,0,0,0,0,0,0,0,0,0,0,0,0,0,0,0,0,0,0,500,386,0,386,0,0,0,0,0,0,0,0,0,0,0,0,0,0,0,0,0,284,61,0,12755,0,0,0,0,0,0,0,0,0,0,0,0,0,0,0,0,0,0,0,0,0,0,0,0,0,0,0,0,0,0,0,0,0,0,0,0,0,0,0,0,0,8,0,0,0,0,0,0,0,0,0,0,0,0,0,0,0,0,0,0,0,0,0,0,0,0,0,0,0,0,0,0,0,0,377,0,0,0,0,0,0,0,0,0,0,0,0,0,0,0,0,0,0,0,0,0,0,0,0,0,0,0,0,0,0,0,0,0,0,0,0,0,0,0,0,0,0,0,0,0,0,0,0,0,0,0,0,0,0,0,0,0,0,0,0,0,0,0,0,0,0,0,0,0,0,0,0,0,0,0,0,0,0,0,0,0,0,0,0,0,0,0,0,0,0,0,0,0,0,0,0,0,0,0,0,0,0,0,0,0,0,0,0,0,0,0,0,0,0,0,0,0,0,0,0,0,0,0,0,0,0,0,0,0,0,252666,18839,7193,8253,15446,0,0,0,0,0,0,0,0,0,0,0,0,0,0,0,0,0,0,0,0,0,0,6,0,3,6,0,6,2,0,0,72,71757,71757,0,71757,90596,0,3825967,0,0,0,0,0,0,0,0,0,0,0,0,0,0,0,0,0,0,0,0,0,0,0,0,0,0,0,0,0,0,0,0,0,0,0,0,0,0,0,0,0,0,0,0,0,0,0,0,0,0,0,0,0,0,0,0,0,0,0,0,0,0,28,0,0,0,0,0,0,0,0,0,0
1696524358,178,0,388794,166,11937,178,0,0,0,0,0,0,0,0,0,0,10045,10032,13,0,13,0,9463,0,0,537,0,0,0,0,0,0,1853619,0,0,0,0,0,0,0,0,99,99,0,110,0,110,0,0,0,567,567,568,706,1,0,776514,0,0,0,2554,2554,94,95,7,25,7,7,189,0,1096,1244,2,88,8,0,9,0,15,71,0,0,0,0,0,0,0,0,0,0,0,0,0,0,0,0,0,0,0,0,0,0,0,0,0,0,0,0,0,0,0,0,0,0,0,0,0,0,0,0,0,0,0,0,0,0,0,0,0,0,0,0,0,0,0,0,0,0,0,0,0,0,0,0,0,0,0,0,0,0,0,0,0,0,0,0,0,0,0,0,1749,0,0,1,0,0,384,567,99,99,6,0,0,0,0,0,0,927,2905,724893,673,0,0,0,0,0,0,0,0,0,0,0,0,0,0,0,0,0,0,0,0,0,0,0,0,0,0,0,0,0,0,0,0,0,0,0,0,0,0,0,0,0,0,0,0,0,0,0,0,0,0,0,0,0,0,0,0,0,0,0,10000,22,0,0,58752,1417,918,499,0,0,0,0,0,0,0,0,0,0,0,0,0,0,0,0,0,0,0,0,0,0,0,0,0,0,0,0,3034,105,105,105,101,6,0,99,105,99,0,0,0,0,0,0,0,0,0,99,0,0,6,2627,2614,0,2601,2602,0,591173,0,1,0,0,0,0,0,0,33269,0,16,7,100,100,1,178,0,0,0,0,0,0,0,0,0,0,0,0,0,0,251,384580,0,0,0,0,0,0,0,673,0,99,0,0,0,0,0,0,673,0,0,0,0,0,0,0,0,0,0,0,0,0,0,0,0,0,0,0,0,0,0,0,0,0,0,0,0,0,0,0,0,0,0,0,0,0,0,0,0,0,0,0,0,0,0,1,1,1,0,0,0,0,0,0,0,0,0,0,0,0,0,0,0,0,0,0,0,0,0,0,0,0,0,0,0,0,0,0,0,0,0,0,0,0,0,0,0,0,0,0,0,0,0,0,0,10000,10000,0,674,0,16,0,0,0,39824,262,0,0,0,0,0,0,0,0,0,0,0,0,0,0,0,0,0,0,0,0,0,0,0,673,726,0,726,0,0,0,0,0,0,0,0,0,0,0,0,0,0,0,0,0,151,82,0,12602,0,0,0,0,0,0,0,0,0,0,0,0,0,0,0,0,0,0,0,0,5,46,46,46,8,8,2,0,6,0,0,0,0,0,0,6,0,0,0,0,1,8,0,0,0,0,0,0,0,0,7704,0,0,0,0,0,0,0,0,0,0,0,0,0,0,0,0,0,0,0,0,0,0,8,417,0,0,0,0,8,0,0,0,0,0,0,0,0,0,0,0,0,0,0,0,0,0,0,0,0,0,0,0,0,0,0,0,0,0,0,0,0,0,0,0,0,0,0,0,0,0,0,0,0,0,0,0,0,0,0,0,0,0,0,0,0,0,0,0,0,0,0,0,0,0,0,0,0,0,0,0,0,0,0,0,0,0,0,0,0,0,0,0,0,0,0,0,0,0,0,0,0,0,0,0,0,0,0,0,0,0,0,0,0,0,0,0,0,0,0,0,0,0,0,0,0,0,0,0,0,0,0,0,0,0,262666,19349,7973,7683,15656,0,110,14,0,1,1,1,0,0,0,0,0,0,0,0,0,0,0,0,0,0,0,14,0,7,14,0,14,2,0,0,72,84765,84765,0,84765,104106,1,3821315,0,0,0,0,0,0,0,0,0,0,0,0,0,0,0,0,0,0,0,0,0,0,0,0,0,0,0,0,0,0,0,0,0,0,0,0,0,0,0,0,0,0,0,0,0,0,0,0,0,0,0,0,0,0,0,0,0,0,0,0,0,0,63,0,0,0,0,0,0,0,0,0,0
1696535675,202,0,425464,178,12918,202,0,0,0,0,0,0,0,0,0,0,10439,10011,428,0,428,0,9270,0,0,730,0,0,0,0,0,0,2046962,0,0,0,0,0,0,0,0,99,99,0,36,0,36,0,0,0,479,567,479,374,0,0,397888,0,0,0,2771,2771,91,91,13,45,13,13,182,0,1144,1384,1,72,15,0,16,0,26,71,0,0,0,0,0,0,0,0,0,0,0,0,0,0,0,0,0,0,0,0,0,0,0,0,0,0,0,0,0,0,0,0,0,0,0,0,0,0,0,0,0,0,0,0,0,0,0,0,0,0,0,0,0,0,0,0,0,0,0,0,0,0,0,0,0,0,0,0,0,0,0,0,0,0,0,0,0,0,0,0,1450,0,0,1,0,0,314,479,102,102,7,0,0,0,0,0,0,1029,2455,410491,594,0,0,0,0,0,0,0,0,0,0,0,0,0,0,0,0,0,0,0,0,0,0,0,0,0,0,0,0,0,0,0,0,0,0,0,0,0,0,0,0,0,0,0,0,0,0,0,0,0,0,0,0,0,0,0,0,0,0,0,10000,41,0,0,63504,1390,884,506,0,0,0,0,0,0,0,0,0,0,0,0,0,0,0,0,0,0,0,0,0,0,0,0,0,0,0,0,1941,110,110,110,102,7,0,103,110,99,0,0,0,4,0,0,0,0,0,102,0,0,7,2987,2974,0,2932,2831,1,1042263,0,3,0,0,0,0,1,0,37343,3,19,8,102,102,12,181,0,0,0,0,0,0,0,0,0,0,0,0,0,1,251,384580,0,0,0,0,0,0,4,590,0,99,0,0,0,0,0,0,594,0,0,0,0,0,0,0,0,0,0,0,0,0,0,0,0,0,0,0,0,0,0,0,0,0,0,0,0,0,0,0,0,0,0,0,0,0,0,0,0,0,0,0,0,0,0,1,1,1,1,0,0,0,0,0,0,0,0,0,0,0,0,0,0,0,0,0,0,0,0,0,0,0,0,0,0,0,0,0,0,0,0,0,0,0,0,0,0,0,0,0,0,0,0,0,0,10000,9996,4,590,0,28,0,0,0,44080,290,0,0,0,0,0,0,0,0,0,0,0,0,0,0,0,0,0,0,0,0,0,0,0,590,394,0,394,0,0,0,0,0,0,0,0,0,0,0,0,0,0,0,0,0,264,54,0,12831,0,0,0,0,0,0,0,0,0,0,0,0,0,0,0,0,0,0,0,0,8,100,93,55,9,9,3,0,6,0,0,0,0,0,0,6,0,0,0,0,0,8,0,0,0,0,0,0,0,0,90463,0,0,0,0,0,0,0,0,0,0,0,0,0,0,0,0,0,0,0,0,0,0,22,473,0,0,0,0,9,0,0,0,0,0,0,0,0,0,0,0,0,0,0,0,0,0,0,0,0,0,0,0,0,0,0,0,0,0,0,0,0,0,0,0,0,0,0,0,0,0,0,0,0,0,0,0,0,0,0,0,0,0,0,0,0,0,0,0,0,0,0,0,0,0,0,0,0,0,0,0,0,0,0,0,0,0,0,0,0,0,0,0,0,0,0,0,0,0,0,0,0,0,0,0,0,0,0,0,0,0,0,0,0,0,0,0,0,0,0,0,0,0,0,0,0,0,0,0,0,0,0,0,0,0,272666,19404,5788,8337,14125,0,124,19,0,0,0,0,0,0,0,0,0,0,0,0,0,0,0,0,0,0,0,26,0,13,26,0,26,2,0,0,72,80609,80609,0,80609,100002,3,4572256,0,0,0,0,0,0,0,0,0,0,0,0,0,0,0,0,0,0,0,0,0,0,0,0,0,0,0,0,0,0,0,0,0,0,0,0,0,0,0,0,0,0,0,0,0,0,0,0,0,0,0,0,0,0,0,0,0,0,0,0,4,0,156,0,0,0,0,0,0,0,0,0,0
1696537126,215,0,474212,202,13364,215,0,0,0,0,0,0,0,0,0,0,9967,9966,0,0,1,0,5153,0,0,4847,0,0,0,0,0,0,6356597,0,0,0,0,0,0,0,0,71,71,0,13,0,13,0,0,0,155,567,157,115,2,0,232100,0,0,0,1522,1522,66,64,17,36,17,17,128,0,603,724,1,60,16,0,17,0,45,71,0,0,0,0,0,0,0,0,0,0,0,0,0,0,0,0,0,0,0,0,0,0,0,0,0,0,0,0,0,0,0,0,0,0,0,0,0,0,0,0,0,0,0,0,0,0,0,0,0,0,0,0,0,0,0,0,0,0,0,0,0,0,0,0,0,0,0,0,0,0,0,0,0,0,0,0,0,0,0,0,646,0,0,0,0,0,155,155,74,74,1,0,0,0,0,0,0,444,1105,233398,238,0,0,0,0,0,0,0,0,0,0,0,0,0,0,0,0,0,0,0,0,0,0,0,0,0,0,0,0,0,0,0,0,0,0,0,0,0,0,0,0,0,0,0,0,0,0,0,0,0,0,0,0,0,0,0,0,0,0,0,10000,17,0,0,72360,513,259,254,0,0,0,0,0,0,0,0,0,0,0,0,0,0,0,0,0,0,0,0,0,0,0,0,0,0,0,0,816,75,110,75,52,0,0,75,75,71,0,0,0,2,0,0,0,0,0,74,0,0,1,1845,1807,0,1794,1577,0,964379,0,1,0,0,0,0,0,0,99333,4,40,9,76,75,6,95,0,0,0,0,0,0,0,0,0,0,0,0,0,0,251,384580,0,0,0,0,0,0,8,230,0,71,0,0,0,0,0,0,238,0,0,0,0,0,0,0,0,0,0,0,0,0,0,0,0,0,0,0,0,0,0,0,0,0,0,0,0,0,0,0,0,0,0,0,0,0,0,0,0,0,0,0,0,0,0,0,1,0,1,0,0,0,0,0,0,0,0,0,0,0,0,0,0,0,0,0,0,0,0,0,0,0,0,0,0,0,0,0,0,0,0,0,0,0,0,0,0,0,0,0,0,0,0,0,0,10000,9992,8,232,0,15,0,0,0,46360,305,0,0,0,0,0,0,0,0,0,0,0,0,0,0,0,0,0,0,0,0,0,0,0,230,120,0,120,0,0,0,0,0,0,0,0,0,0,0,0,0,0,0,0,0,327,57,0,11577,0,0,0,0,0,0,0,0,0,0,0,0,0,0,0,0,0,0,0,0,5,53,53,48,8,8,0,0,8,0,0,0,0,0,0,8,0,0,0,0,2,8,0,0,0,0,0,0,0,0,15829,0,0,0,0,0,0,0,0,0,0,0,0,0,0,0,0,0,0,0,0,0,0,13,256,0,0,0,0,8,0,0,0,0,0,0,0,0,0,0,0,0,0,0,0,0,0,0,0,0,0,0,0,0,0,0,0,0,0,0,0,0,0,0,0,0,0,0,0,0,0,0,0,0,0,0,0,0,0,0,0,0,0,0,0,0,0,0,0,0,0,0,0,0,0,0,0,0,0,0,0,0,0,0,0,0,0,0,0,0,0,0,0,0,0,0,0,0,0,0,0,0,0,0,0,0,0,0,0,0,0,0,0,0,0,0,0,0,0,0,0,0,0,0,0,0,0,0,0,0,0,0,0,0,0,282666,10257,2401,4584,6985,0,120,16,0,0,0,0,0,0,0,0,0,0,0,0,0,0,0,0,0,0,0,2,0,1,2,0,2,2,0,0,72,37886,37886,0,37886,48136,0,3490835,0,0,0,0,0,0,0,0,0,0,0,0,0,0,0,0,0,0,0,0,0,0,0,0,0,0,0,0,0,0,0,0,0,0,0,0,0,0,0,0,0,0,0,0,0,0,0,0,0,0,0,0,0,0,0,0,0,0,0,0,2,0,178,0,0,0,0,0,0,0,0,0,0
1696538721,218,0,496825,215,13691,218,0,0,0,0,0,0,0,0,0,0,9983,9984,0,0,0,0,5067,0,0,4933,0,0,0,0,0,0,7096577,0,0,0,0,0,0,0,0,37,37,0,11,0,11,0,0,0,128,567,128,90,0,0,211996,0,0,0,1380,1380,36,37,3,6,3,3,74,0,572,714,1,33,2,0,2,0,39,71,0,0,0,0,0,0,0,0,0,0,0,0,0,0,0,0,0,0,0,0,0,0,0,0,0,0,0,0,0,0,0,0,0,0,0,0,0,0,0,0,0,0,0,0,0,0,0,0,0,0,0,0,0,0,0,0,0,0,0,0,0,0,0,0,0,0,0,0,0,0,0,0,0,0,0,0,0,0,0,0,435,0,0,0,0,0,128,128,37,37,0,0,0,0,0,0,0,290,765,161079,165,0,0,0,0,0,0,0,0,0,0,0,0,0,0,0,0,0,0,0,0,0,0,0,0,0,0,0,0,0,0,0,0,0,0,0,0,0,0,0,0,0,0,0,0,0,0,0,0,0,0,0,0,0,0,0,0,0,0,0,10000,4,0,0,76032,427,215,212,0,0,0,0,0,0,0,0,0,0,0,0,0,0,0,0,0,0,0,0,0,0,0,0,0,0,0,0,688,37,110,37,48,0,0,37,37,37,0,0,0,1,0,0,0,0,0,37,0,0,0,2025,2031,0,2012,1387,0,1434438,0,0,0,0,0,0,0,0,107219,1,30,11,37,37,12,83,0,0,0,0,0,0,0,0,0,0,0,0,0,0,251,384580,0,0,0,0,0,0,0,165,0,37,0,0,0,0,0,0,165,0,0,0,0,0,0,0,0,0,0,0,0,0,0,0,0,0,0,0,0,0,0,0,0,0,0,0,0,0,0,0,0,0,0,0,0,0,0,0,0,0,0,0,0,0,0,0,1,0,0,0,0,0,0,0,0,0,0,0,0,0,0,0,0,0,0,0,0,0,0,0,0,0,0,0,0,0,0,0,0,0,0,0,0,0,0,0,0,0,0,0,0,0,0,0,0,10000,10000,0,165,0,4,0,0,0,46968,309,0,0,0,0,0,0,0,0,0,0,0,0,0,0,0,0,0,0,0,0,0,0,0,165,103,0,103,0,0,0,0,0,0,0,0,0,0,0,0,0,0,0,0,0,354,63,0,11387,0,0,0,0,0,0,0,0,0,0,0,0,0,0,0,0,0,0,0,0,1,6,6,6,1,1,0,0,1,0,0,0,0,0,0,1,0,0,0,0,0,8,0,0,0,0,0,0,0,0,1117,0,0,0,0,0,0,0,0,0,0,0,0,0,0,0,0,0,0,0,0,0,0,3,166,0,0,0,0,1,0,0,0,0,0,0,0,0,0,0,0,0,0,0,0,0,0,0,0,0,0,0,0,0,0,0,0,0,0,0,0,0,0,0,0,0,0,0,0,0,0,0,0,0,0,0,0,0,0,0,0,0,0,0,0,0,0,0,0,0,0,0,0,0,0,0,0,0,0,0,0,0,0,0,0,0,0,0,0,0,0,0,0,0,0,0,0,0,0,0,0,0,0,0,0,0,0,0,0,0,0,0,0,0,0,0,0,0,0,0,0,0,0,0,0,0,0,0,0,0,0,0,0,0,0,292666,9460,1967,4143,6110,0,15,2,0,0,0,0,0,0,0,0,0,0,0,0,0,0,0,0,0,0,0,0,0,0,0,0,0,2,0,0,72,29567,29567,0,29567,39025,0,4874757,0,0,0,0,0,0,0,0,0,0,0,0,0,0,0,0,0,0,0,0,0,0,0,0,0,0,0,0,0,0,0,0,0,0,0,0,0,0,0,0,0,0,0,0,0,0,0,0,0,0,0,0,0,0,0,0,0,0,0,0,1,0,242,0,0,0,0,0,0,0,0,0,0
1696540662,228,0,507925,218,14435,228,0,0,0,0,0,0,0,0,0,0,10044,10043,0,0,1,0,8944,0,0,1056,0,0,0,0,0,0,3390031,0,0,0,0,0,0,0,0,74,74,0,18,0,18,0,0,0,301,567,304,162,3,0,414887,0,0,0,3320,3320,65,63,3,13,3,3,126,0,1373,1805,0,52,5,0,8,0,56,71,0,0,0,0,0,0,0,0,0,0,0,0,0,0,0,0,0,0,0,0,0,0,0,0,0,0,0,0,0,0,0,0,0,0,0,0,0,0,0,0,0,0,0,0,0,0,0,0,0,0,0,0,0,0,0,0,0,0,0,0,0,0,0,0,0,0,0,0,0,0,0,0,0,0,0,0,0,0,0,0,1069,0,0,1,0,0,300,301,77,75,0,0,0,0,0,0,0,736,1823,321314,383,0,0,0,0,0,0,0,0,0,0,0,0,0,0,0,0,0,0,0,0,0,0,0,0,0,0,0,0,0,0,0,0,0,0,0,0,0,0,0,0,0,0,0,0,0,0,0,0,0,0,0,0,0,0,0,0,0,0,0,10000,15,0,0,76896,967,488,479,0,0,0,0,0,0,0,0,0,0,0,0,0,0,0,0,0,0,0,0,0,0,0,0,0,0,0,0,1685,77,110,77,53,0,0,77,77,74,0,0,0,3,0,0,0,0,0,77,0,0,0,3620,3629,0,3586,3382,0,1640143,1,5,0,0,1,0,0,0,73825,4,54,8,77,75,4,94,0,0,0,0,0,0,0,0,0,0,0,0,0,0,251,384580,0,0,0,0,0,0,4,379,0,74,0,0,0,0,0,0,383,0,0,0,0,0,0,0,0,0,0,0,0,0,0,0,0,0,0,0,0,0,0,0,0,0,0,0,0,0,0,0,0,0,0,0,0,0,0,0,0,0,0,0,0,0,0,1,1,1,0,0,0,0,0,0,0,0,0,0,0,0,0,0,0,0,0,0,0,0,0,0,0,0,0,0,0,0,0,0,0,0,0,0,0,0,0,0,0,0,0,0,0,0,0,0,0,10000,9996,4,382,0,14,0,0,0,49096,323,0,0,0,0,0,0,0,0,0,0,0,0,0,0,0,0,0,0,0,0,0,0,0,379,167,0,167,0,0,0,0,0,0,0,0,0,0,0,0,0,0,0,0,0,521,124,0,13382,0,0,0,0,0,0,0,0,0,0,0,0,0,0,0,0,0,0,0,0,9,59,59,59,11,11,4,0,7,0,0,0,0,0,0,7,0,0,0,0,5,8,0,0,0,0,0,0,0,0,10008,0,0,0,0,0,0,0,0,0,0,0,0,0,0,0,0,0,0,0,0,0,0,11,405,0,0,0,0,11,0,0,0,0,0,0,0,0,0,0,0,0,0,0,0,0,0,0,0,0,0,0,0,0,0,0,0,0,0,0,0,0,0,0,0,0,0,0,0,0,0,0,0,0,0,0,0,0,0,0,0,0,0,0,0,0,0,0,0,0,0,0,0,0,0,0,0,0,0,0,0,0,0,0,0,0,0,0,0,0,0,0,0,0,0,0,0,0,0,0,0,0,0,0,0,0,0,0,0,0,0,0,0,0,0,0,0,0,0,0,0,0,0,0,0,0,0,0,0,0,0,0,0,0,0,302666,17512,4630,9990,14620,0,142,15,0,0,0,0,0,0,0,0,0,0,0,0,0,0,0,0,0,0,0,6,0,3,6,0,6,2,0,0,72,67865,67865,0,67865,85366,0,6031317,0,0,0,0,0,0,0,0,0,0,0,0,0,0,0,0,0,0,0,0,0,0,0,0,0,0,0,0,0,0,0,0,0,0,0,0,0,0,0,0,0,0,0,0,0,0,0,0,0,0,0,0,0,0,0,0,0,0,0,0,4,0,264,0,0,0,0,0,1,0,0,0,0
1696541099,229,0,537818,228,14741,229,0,0,0,0,0,0,0,0,0,0,10092,9992,101,0,100,0,8130,0,0,1870,0,0,0,0,0,0,6454822,0,0,0,0,0,0,0,0,21,21,0,11,0,11,0,0,0,131,567,135,137,4,0,831264,0,0,0,2661,2661,21,23,1,3,1,1,46,0,906,1695,0,28,1,0,2,0,23,71,0,0,0,0,0,0,0,0,0,0,0,0,0,0,0,0,0,0,0,0,0,0,0,0,0,0,0,0,0,0,0,0,0,0,0,0,0,0,0,0,0,0,0,0,0,0,0,0,0,0,0,0,0,0,0,0,0,0,0,0,0,0,0,0,0,0,0,0,0,0,0,0,0,0,0,0,0,0,0,0,449,0,0,0,0,0,133,131,22,21,0,0,0,0,0,0,0,276,756,141086,153,0,0,0,0,0,0,0,0,0,0,0,0,0,0,0,0,0,0,0,0,0,0,0,0,0,0,0,0,0,0,0,0,0,0,0,0,0,0,0,0,0,0,0,0,0,0,0,0,0,0,0,0,0,0,0,0,0,0,0,10000,1,0,0,80136,440,222,218,0,0,0,0,0,0,0,0,0,0,0,0,0,0,0,0,0,0,0,0,0,0,0,0,0,0,0,0,1414,22,110,22,60,0,0,22,22,21,0,0,0,2,0,0,0,0,0,22,0,0,0,3536,3426,0,3407,2697,0,3336706,3,26,0,0,3,0,0,0,291408,4,19,5,22,21,0,78,0,0,0,0,0,0,0,0,0,0,0,0,0,1,251,384580,0,0,0,0,0,0,0,153,0,21,0,0,0,0,0,0,153,0,0,0,0,0,0,0,0,0,0,0,0,0,0,0,0,0,0,0,0,0,0,0,0,0,0,0,0,0,0,0,0,0,0,0,0,0,0,0,0,0,0,0,0,0,0,0,1,0,0,0,0,0,0,0,0,0,0,0,0,0,0,0,0,0,0,0,0,0,0,0,0,0,0,0,0,0,0,0,0,0,0,0,0,0,0,0,0,0,0,0,0,0,0,0,0,10000,10000,0,157,0,1,0,0,0,49248,324,0,0,0,0,0,0,0,0,0,0,0,0,0,0,0,0,0,0,0,0,0,0,0,153,154,0,154,0,0,0,0,0,0,0,0,0,0,0,0,0,0,0,0,0,481,128,0,12697,0,0,0,0,0,0,0,0,0,0,0,0,0,0,0,0,0,0,0,0,0,12,12,12,2,2,0,0,2,0,0,0,0,0,0,2,0,0,0,0,0,8,0,0,0,0,0,0,0,0,2230,0,0,0,0,0,0,0,0,0,0,0,0,0,0,0,0,0,0,0,0,0,0,1,152,0,0,0,0,2,0,0,0,0,0,0,0,0,0,0,0,0,0,0,0,0,0,0,0,0,0,0,0,0,0,0,0,0,0,0,0,0,0,0,0,0,0,0,0,0,0,0,0,0,0,0,0,0,0,0,0,0,0,0,0,0,0,0,0,0,0,0,0,0,0,0,0,0,0,0,0,0,0,0,0,0,0,0,0,0,0,0,0,0,0,0,0,0,0,0,0,0,0,0,0,0,0,0,0,0,0,0,0,0,0,0,0,0,0,0,0,0,0,0,0,0,0,0,0,0,0,0,0,0,0,312666,13800,4043,8061,12104,0,30,4,0,0,0,0,0,0,0,0,0,0,0,0,0,0,0,0,0,0,0,2,0,1,2,0,2,2,0,0,72,55915,55915,0,55915,69713,0,13222541,0,0,0,0,0,0,0,0,0,0,0,0,0,0,0,0,0,0,0,0,0,0,0,0,0,0,0,0,0,0,0,0,0,0,0,0,0,0,0,0,0,0,0,0,0,0,0,0,0,0,0,0,0,0,0,0,0,0,0,0,5,0,755,0,0,0,0,0,3,0,0,0,0
